WordInds,LexSemErr,ONsize,Frequency,Concreteness,ItemCrossedThreshold,Repeated_name,Repeated_code,Word
356.0,242.9411650563667,3.0,0.043658321,1.0,1.0,unrepeated,-1,twin
343.0,204.23858257140122,1.0,0.043298357,1.0,1.0,unrepeated,-1,menu
29.0,265.07162244951036,3.0,0.019090729,-1.0,1.0,unrepeated,-1,maim
68.0,275.29829755605493,4.0,0.038955382,1.0,1.0,unrepeated,-1,cuff
381.0,311.57689818392635,16.0,0.045027987,-1.0,1.0,unrepeated,-1,rear
333.0,239.8229553452758,2.0,0.030656396,1.0,1.0,unrepeated,-1,hula
195.0,216.7962969988035,2.0,0.027791076,-1.0,1.0,unrepeated,-1,alto
188.0,295.02411328513676,9.0,0.042265258,1.0,1.0,unrepeated,-1,beam
383.0,287.853822263683,9.0,0.031806483,-1.0,1.0,unrepeated,-1,goon
17.0,283.0002478854479,8.0,0.042034881,1.0,1.0,unrepeated,-1,scar
248.0,195.31102430040409,1.0,0.046073685,-1.0,1.0,unrepeated,-1,debt
311.0,217.59173119287598,6.0,0.036917982,-1.0,1.0,unrepeated,-1,fled
369.0,303.12236466213767,9.0,0.032569608,1.0,1.0,unrepeated,-1,wick
335.0,243.04682526082775,10.0,0.023797268,-1.0,1.0,unrepeated,-1,toke
377.0,261.78377729781187,4.0,0.020629578,1.0,1.0,unrepeated,-1,tyke
208.0,252.1292589479937,4.0,0.00979284,-1.0,1.0,unrepeated,-1,laud
507.0,302.68486607350434,10.0,0.019742265,-1.0,1.0,unrepeated,-1,mull
119.0,214.80943215321867,1.0,0.017998236,-1.0,1.0,unrepeated,-1,ogle
94.0,286.9143216618003,5.0,0.019742265,-1.0,1.0,unrepeated,-1,spew
110.0,307.22524277389897,11.0,0.024841166,-1.0,1.0,unrepeated,-1,fend
303.0,281.7920304620943,7.0,0.015210309,-1.0,1.0,unrepeated,-1,wean
472.0,282.34207867644216,4.0,0.028636994,-1.0,1.0,unrepeated,-1,cram
217.0,286.82715303773756,4.0,0.04500279,1.0,1.0,unrepeated,-1,toss
13.0,295.92370745534134,8.0,0.019742265,-1.0,1.0,unrepeated,-1,bode
373.0,306.57398125156135,11.0,0.049061392,-1.0,1.0,unrepeated,-1,cure
365.0,236.30298378162624,1.0,0.012580767,1.0,1.0,unrepeated,-1,cyan
192.0,260.9882733715158,3.0,0.049264772,-1.0,1.0,unrepeated,-1,deny
318.0,231.3896210167439,0.0,0.053141592,-1.0,1.0,unrepeated,-1,liar
2.0,259.56902205648606,5.0,0.042052879,1.0,1.0,unrepeated,-1,robe
215.0,306.3138053666823,8.0,0.044990191,1.0,1.0,unrepeated,-1,tire
469.0,319.2172410175025,12.0,0.040326848,-1.0,1.0,unrepeated,-1,pose
405.0,286.3347206179397,3.0,0.025316319,1.0,1.0,unrepeated,-1,gulp
251.0,271.13051293367397,4.0,0.012580767,-1.0,1.0,unrepeated,-1,fiat
443.0,281.19179946975964,4.0,0.041626321,1.0,1.0,unrepeated,-1,tray
70.0,310.4754756782448,14.0,0.03458721,-1.0,1.0,unrepeated,-1,cope
434.0,223.96815135541792,1.0,0.067378197,-1.0,1.0,unrepeated,-1,goes
337.0,286.1796121848751,4.0,0.017175717,1.0,1.0,unrepeated,-1,hemp
41.0,313.4931495625524,7.0,0.04315977,1.0,1.0,unrepeated,-1,silk
250.0,299.1809949193837,5.0,0.040951387,1.0,1.0,unrepeated,-1,monk
283.0,222.170125080913,0.0,0.029927467,1.0,1.0,unrepeated,-1,hobo
465.0,285.57751698669097,5.0,0.049149583,1.0,1.0,unrepeated,-1,horn
187.0,213.63703890775486,1.0,0.050782023,-1.0,1.0,unrepeated,-1,amen
297.0,297.4406916491861,6.0,0.041376145,1.0,1.0,unrepeated,-1,soil
134.0,267.6327353261046,3.0,0.027791076,-1.0,1.0,unrepeated,-1,duly
40.0,327.03746887680575,12.0,0.022593186,1.0,1.0,unrepeated,-1,gash
372.0,271.99353180602503,4.0,0.030656396,1.0,1.0,unrepeated,-1,barf
22.0,250.12441912457484,5.0,0.037895286,1.0,1.0,unrepeated,-1,herb
409.0,250.67302754976043,3.0,0.025906661,-1.0,1.0,unrepeated,-1,cuss
147.0,314.34716936014604,7.0,0.040121668,1.0,1.0,unrepeated,-1,disk
299.0,297.3113655301995,4.0,0.021167726,-1.0,1.0,unrepeated,-1,blab
370.0,264.1872439058168,3.0,0.023797268,-1.0,1.0,unrepeated,-1,clog
102.0,275.6578011639964,6.0,0.032808985,-1.0,1.0,unrepeated,-1,reap
144.0,282.3254204233016,6.0,0.027330322,-1.0,1.0,unrepeated,-1,posh
186.0,264.4647922488615,3.0,0.043804107,1.0,1.0,unrepeated,-1,lamb
111.0,264.2315309523909,1.0,0.015210309,1.0,1.0,unrepeated,-1,peso
122.0,300.05746913932256,11.0,0.012580767,-1.0,1.0,unrepeated,-1,seep
169.0,214.91500598996117,1.0,0.052682637,-1.0,1.0,unrepeated,-1,jerk
275.0,282.172154621842,12.0,0.05009989,-1.0,1.0,unrepeated,-1,wide
219.0,219.60298278090468,1.0,0.068576879,-1.0,1.0,unrepeated,-1,each
67.0,274.5539072452539,6.0,0.052290276,-1.0,1.0,unrepeated,-1,weak
103.0,227.16107886667947,2.0,0.020903151,-1.0,1.0,unrepeated,-1,awry
243.0,324.73478099971504,12.0,0.029754684,1.0,1.0,unrepeated,-1,sage
432.0,225.8131136599199,2.0,0.037834092,1.0,1.0,unrepeated,-1,quiz
394.0,310.3375117143483,6.0,0.012580767,1.0,1.0,unrepeated,-1,posy
448.0,249.1503567802052,2.0,0.012580767,-1.0,1.0,unrepeated,-1,serf
89.0,286.32149457653037,4.0,0.022593186,1.0,1.0,unrepeated,-1,lube
38.0,321.2538194252046,16.0,0.041907093,-1.0,1.0,unrepeated,-1,bare
358.0,340.3467667827627,16.0,0.041907093,1.0,1.0,unrepeated,-1,cane
113.0,320.78813560049923,11.0,0.036741599,1.0,1.0,unrepeated,-1,mold
15.0,249.77813409844248,5.0,0.052113893,-1.0,1.0,unrepeated,-1,tour
5.0,270.22682062730297,15.0,0.050603841,-1.0,1.0,unrepeated,-1,sale
308.0,227.80778480334598,2.0,0.055420169,-1.0,1.0,unrepeated,-1,plus
502.0,213.52947382097514,2.0,0.058316085,-1.0,1.0,unrepeated,-1,holy
360.0,282.71076483298884,7.0,0.044752614,1.0,1.0,unrepeated,-1,clay
495.0,228.57421901896586,6.0,0.052358669,-1.0,1.0,unrepeated,-1,harm
52.0,291.87954384291214,12.0,0.046996994,-1.0,1.0,unrepeated,-1,rape
490.0,225.93280839405344,1.0,0.016254207,-1.0,1.0,unrepeated,-1,crux
424.0,245.75451783619778,4.0,0.007163298,1.0,1.0,unrepeated,-1,jowl
422.0,280.0170655622914,3.0,0.043643923,1.0,1.0,unrepeated,-1,plug
354.0,235.83947220716954,2.0,0.038255251,-1.0,1.0,unrepeated,-1,heir
386.0,286.2323494627741,6.0,0.034301038,-1.0,1.0,unrepeated,-1,frat
206.0,301.1853694944779,15.0,0.026047047,1.0,1.0,unrepeated,-1,soot
398.0,292.29485413806725,7.0,0.037614514,-1.0,1.0,unrepeated,-1,mild
191.0,274.3834441910683,7.0,0.033537913,1.0,1.0,unrepeated,-1,moss
504.0,277.252039629543,3.0,0.017598675,-1.0,1.0,unrepeated,-1,wiry
43.0,234.3256793310749,1.0,0.023417505,1.0,1.0,unrepeated,-1,yogi
304.0,324.1053465450692,10.0,0.025762675,1.0,1.0,unrepeated,-1,mead
412.0,304.8535357055754,9.0,0.025316319,1.0,1.0,unrepeated,-1,hive
406.0,193.80090603946655,0.0,0.042968989,-1.0,1.0,unrepeated,-1,envy
473.0,311.40709497881284,10.0,0.032866579,-1.0,1.0,unrepeated,-1,mend
181.0,303.5792797575942,7.0,0.031806483,1.0,1.0,unrepeated,-1,tong
506.0,301.1059548544978,9.0,0.044964993,-1.0,1.0,unrepeated,-1,fond
254.0,282.28143421711496,6.0,0.020903151,1.0,1.0,unrepeated,-1,kale
470.0,233.19366206696927,2.0,0.048883209,-1.0,1.0,unrepeated,-1,josh
224.0,297.08553481615775,8.0,0.032004464,-1.0,1.0,unrepeated,-1,cant
48.0,235.4900356648572,2.0,0.030260434,1.0,1.0,unrepeated,-1,fuzz
468.0,258.7953222824708,4.0,0.027564299,-1.0,1.0,unrepeated,-1,twat
184.0,321.3888179196394,14.0,0.044016486,-1.0,1.0,unrepeated,-1,lame
348.0,274.07261233294173,3.0,0.045515739,1.0,1.0,unrepeated,-1,palm
498.0,227.83494180824263,1.0,0.023610086,-1.0,1.0,unrepeated,-1,saga
474.0,256.85837812334205,1.0,0.017998236,1.0,1.0,unrepeated,-1,wren
142.0,243.14615324167244,1.0,0.040742607,-1.0,1.0,unrepeated,-1,glen
87.0,219.35951426799474,0.0,0.022593186,1.0,1.0,unrepeated,-1,tutu
0.0,268.0804400411663,2.0,0.019423696,-1.0,1.0,unrepeated,-1,trod
35.0,242.60900414386987,0.0,0.021671676,1.0,1.0,unrepeated,-1,euro
115.0,330.16261525731704,7.0,0.026714782,1.0,1.0,unrepeated,-1,blob
463.0,269.2027387336128,3.0,0.023797268,-1.0,1.0,unrepeated,-1,blip
149.0,267.82499461248193,3.0,0.027677688,-1.0,1.0,unrepeated,-1,daft
329.0,175.66274783728335,2.0,0.044803009,-1.0,1.0,unrepeated,-1,july
391.0,310.1857956649029,7.0,0.023417505,1.0,1.0,unrepeated,-1,carp
189.0,240.88421428595566,3.0,0.010836738,-1.0,1.0,unrepeated,-1,skew
450.0,200.35863156106407,0.0,0.038485628,1.0,1.0,unrepeated,-1,ammo
415.0,331.6894823155625,12.0,0.03816706,1.0,1.0,unrepeated,-1,hunk
317.0,234.23168675616571,3.0,0.044059682,1.0,1.0,unrepeated,-1,shed
225.0,306.04846746025544,5.0,0.023219524,1.0,1.0,unrepeated,-1,sift
167.0,299.6274566719684,6.0,0.014630766,1.0,1.0,unrepeated,-1,nape
106.0,259.2193083050335,2.0,0.016727561,-1.0,1.0,unrepeated,-1,airy
228.0,303.76609611047166,10.0,0.054673242,-1.0,1.0,unrepeated,-1,form
201.0,278.39346416121595,8.0,0.026842569,-1.0,1.0,unrepeated,-1,bony
298.0,325.4005603179302,12.0,0.03132413,1.0,1.0,unrepeated,-1,lice
285.0,291.2676399734209,9.0,0.043732114,1.0,1.0,unrepeated,-1,pork
378.0,311.7258314533388,6.0,0.038710606,1.0,1.0,unrepeated,-1,grid
137.0,288.54804804475026,7.0,0.030499811,1.0,1.0,unrepeated,-1,fang
196.0,209.26992483787186,0.0,0.044700419,1.0,1.0,unrepeated,-1,jazz
54.0,247.01542332982012,1.0,0.021912853,-1.0,1.0,unrepeated,-1,spry
480.0,335.8675922648436,10.0,0.040569824,1.0,1.0,unrepeated,-1,cord
9.0,246.4165035964905,1.0,0.00979284,1.0,1.0,unrepeated,-1,clef
129.0,273.96605968624397,6.0,0.013325894,-1.0,1.0,unrepeated,-1,clad
63.0,255.78951238388967,4.0,0.050794622,-1.0,1.0,unrepeated,-1,thee
10.0,252.31832519083537,7.0,0.052893216,-1.0,1.0,unrepeated,-1,mood
16.0,209.98230322862702,3.0,0.014630766,1.0,1.0,unrepeated,-1,talc
71.0,278.72962423281007,4.0,0.024841166,1.0,1.0,unrepeated,-1,spud
26.0,283.19212537371624,5.0,0.037389536,1.0,1.0,unrepeated,-1,limb
274.0,248.4921014338626,3.0,0.043112975,1.0,1.0,unrepeated,-1,bait
357.0,236.45550323144957,2.0,0.023417505,1.0,1.0,unrepeated,-1,purr
174.0,276.3083884556866,2.0,0.039957884,1.0,1.0,unrepeated,-1,riot
293.0,292.74445947071257,8.0,0.032508414,-1.0,1.0,unrepeated,-1,poll
232.0,307.96592385107306,8.0,0.029216537,1.0,1.0,unrepeated,-1,lark
447.0,225.88667928081168,2.0,0.019742265,-1.0,1.0,unrepeated,-1,dyer
322.0,267.18086379184354,5.0,0.028224834,1.0,1.0,unrepeated,-1,wasp
157.0,315.87261537837793,8.0,0.022593186,1.0,1.0,unrepeated,-1,fowl
276.0,242.28361907482014,3.0,0.010836738,-1.0,1.0,unrepeated,-1,yelp
203.0,256.77745898345364,2.0,0.036036068,1.0,1.0,unrepeated,-1,bulb
457.0,206.37071494738387,3.0,0.019090729,1.0,1.0,unrepeated,-1,oxen
152.0,274.05589365652224,8.0,0.031603103,-1.0,1.0,unrepeated,-1,goof
364.0,314.06434001120044,13.0,0.044306258,-1.0,1.0,unrepeated,-1,heal
460.0,321.45857251138546,11.0,0.005419269,-1.0,1.0,unrepeated,-1,balk
418.0,244.65268178345792,1.0,0.023016144,-1.0,1.0,unrepeated,-1,mono
325.0,303.52358264631005,5.0,0.045186372,1.0,1.0,unrepeated,-1,chin
496.0,296.30031355883506,11.0,0.038764601,-1.0,1.0,unrepeated,-1,lust
51.0,313.08730419744194,9.0,0.023797268,-1.0,1.0,unrepeated,-1,bunt
290.0,178.86134787374144,0.0,0.036190853,-1.0,1.0,unrepeated,-1,jinx
361.0,286.1278605009059,5.0,0.052416263,1.0,1.0,unrepeated,-1,soft
327.0,323.15011510296216,10.0,0.039887691,1.0,1.0,unrepeated,-1,fart
379.0,271.76728981147164,5.0,0.048379259,-1.0,1.0,unrepeated,-1,bout
162.0,196.25157457539177,0.0,0.050740627,1.0,1.0,unrepeated,-1,taxi
180.0,234.42473099719223,5.0,0.039981282,-1.0,1.0,unrepeated,-1,vain
176.0,262.9462042476939,2.0,0.029841076,1.0,1.0,unrepeated,-1,gala
24.0,230.73391027399867,1.0,0.052571048,-1.0,1.0,unrepeated,-1,ally
282.0,246.76487113474545,1.0,0.037088965,-1.0,1.0,unrepeated,-1,trek
146.0,212.65205387049565,1.0,0.024162632,1.0,1.0,unrepeated,-1,zinc
127.0,287.207015661254,9.0,0.044333255,1.0,1.0,unrepeated,-1,cock
456.0,312.97617521148726,12.0,0.02500315,1.0,1.0,unrepeated,-1,pail
384.0,303.3675917043609,6.0,0.037709904,1.0,1.0,unrepeated,-1,crop
60.0,277.3680095925581,3.0,0.04755134,1.0,1.0,unrepeated,-1,fuel
82.0,292.51385359941617,11.0,0.031394323,-1.0,1.0,unrepeated,-1,hock
404.0,302.9857904349607,10.0,0.044713018,-1.0,1.0,unrepeated,-1,link
50.0,273.22626926394753,3.0,0.038681809,-1.0,1.0,unrepeated,-1,prey
336.0,297.6810736706533,10.0,0.060432678,-1.0,1.0,unrepeated,-1,fool
6.0,198.08714047170943,0.0,0.024677382,1.0,1.0,unrepeated,-1,dojo
396.0,309.3011695776519,9.0,0.046073685,1.0,1.0,unrepeated,-1,corn
47.0,311.2963751646325,13.0,0.023016144,-1.0,1.0,unrepeated,-1,hone
25.0,292.25106554922553,10.0,0.022373607,-1.0,1.0,unrepeated,-1,mope
222.0,251.8212250913983,4.0,0.012580767,-1.0,1.0,unrepeated,-1,volt
88.0,265.4637642898548,6.0,0.046503843,-1.0,1.0,unrepeated,-1,host
128.0,288.66779786294404,3.0,0.010836738,1.0,1.0,unrepeated,-1,alum
428.0,259.80512889684985,6.0,0.029027555,1.0,1.0,unrepeated,-1,yarn
345.0,216.53945350144863,0.0,0.028834974,1.0,1.0,unrepeated,-1,luau
61.0,298.59484775861927,7.0,0.029841076,1.0,1.0,unrepeated,-1,dung
97.0,299.04705201768456,14.0,0.007163298,1.0,1.0,unrepeated,-1,slat
120.0,209.20967544957784,0.0,0.026320621,1.0,1.0,unrepeated,-1,afro
380.0,272.4060985418696,3.0,0.040634618,1.0,1.0,unrepeated,-1,haul
226.0,305.4296464889777,11.0,0.042774608,1.0,1.0,unrepeated,-1,deed
56.0,309.9626785699693,15.0,0.032981768,-1.0,1.0,unrepeated,-1,fore
482.0,298.87342383273807,10.0,0.038654812,-1.0,1.0,unrepeated,-1,warp
91.0,284.7988875868638,15.0,0.007163298,-1.0,1.0,unrepeated,-1,sate
256.0,256.1825473600321,4.0,0.023797268,-1.0,1.0,unrepeated,-1,drab
421.0,289.37543572205357,11.0,0.043390148,-1.0,1.0,unrepeated,-1,worn
78.0,287.64499129989446,4.0,0.022807365,1.0,1.0,unrepeated,-1,fawn
359.0,242.8519359429005,1.0,0.008588758,-1.0,1.0,unrepeated,-1,bios
328.0,259.7714880001108,7.0,0.054669642,-1.0,1.0,unrepeated,-1,main
132.0,357.21255264263715,15.0,0.030960566,1.0,1.0,unrepeated,-1,bale
342.0,318.18530642537587,9.0,0.026586994,1.0,1.0,unrepeated,-1,spam
278.0,205.987433509006,0.0,0.010836738,1.0,1.0,unrepeated,-1,ovum
168.0,253.99855789849494,4.0,0.016727561,-1.0,1.0,unrepeated,-1,gait
36.0,249.75427467467807,3.0,0.041136769,-1.0,1.0,unrepeated,-1,prep
55.0,300.17208333143907,5.0,0.046106082,1.0,1.0,unrepeated,-1,flip
484.0,266.1827898591013,3.0,0.047745721,-1.0,1.0,unrepeated,-1,clue
497.0,312.4665616514584,17.0,0.019742265,1.0,1.0,unrepeated,-1,pore
246.0,282.04839113473435,5.0,0.046804413,-1.0,1.0,unrepeated,-1,tune
156.0,305.459172749408,11.0,0.042106874,-1.0,1.0,unrepeated,-1,hack
375.0,205.72393781697116,1.0,0.065213009,-1.0,1.0,unrepeated,-1,news
477.0,331.57090161836413,12.0,0.03969511,1.0,1.0,unrepeated,-1,bunk
259.0,302.6748620668162,8.0,0.041136769,1.0,1.0,unrepeated,-1,bass
264.0,257.30431796702584,5.0,0.047796116,1.0,1.0,unrepeated,-1,jean
319.0,304.868251133259,13.0,0.035636508,-1.0,1.0,unrepeated,-1,lent
501.0,273.08424872103524,2.0,0.051008801,1.0,1.0,unrepeated,-1,tied
351.0,255.7324621754958,8.0,0.018379799,1.0,1.0,unrepeated,-1,vise
451.0,321.46742780049107,9.0,0.040415039,1.0,1.0,unrepeated,-1,bolt
93.0,243.51159959538214,2.0,0.045161174,1.0,1.0,unrepeated,-1,eats
272.0,287.8662879931009,6.0,0.030260434,1.0,1.0,unrepeated,-1,lobe
509.0,210.99991018891768,0.0,0.023610086,1.0,1.0,unrepeated,-1,kiwi
280.0,304.84372278790534,7.0,0.032924173,1.0,1.0,unrepeated,-1,harp
85.0,337.03939287222664,13.0,0.033590108,1.0,1.0,unrepeated,-1,pest
175.0,289.1565420706845,7.0,0.03652562,-1.0,1.0,unrepeated,-1,dork
346.0,313.10605297485256,8.0,0.040281852,1.0,1.0,unrepeated,-1,loop
503.0,304.14484928832474,5.0,0.028224834,1.0,1.0,unrepeated,-1,spur
446.0,283.3614746114754,8.0,0.020629578,-1.0,1.0,unrepeated,-1,musk
28.0,309.4054491931224,8.0,0.033096956,1.0,1.0,unrepeated,-1,hoop
307.0,309.62097906047063,10.0,0.016727561,-1.0,1.0,unrepeated,-1,rend
433.0,214.05376674789017,0.0,0.017175717,-1.0,1.0,unrepeated,-1,zips
414.0,268.3437216508007,5.0,0.063308796,-1.0,1.0,unrepeated,-1,poor
362.0,295.74789120706237,10.0,0.020903151,-1.0,1.0,unrepeated,-1,bide
437.0,326.26045980622723,11.0,0.023610086,1.0,1.0,unrepeated,-1,bile
452.0,211.6220063959755,3.0,0.041217761,-1.0,1.0,unrepeated,-1,unto
334.0,276.4956567806315,3.0,0.042558629,1.0,1.0,unrepeated,-1,chew
227.0,136.1752654055116,4.0,0.017998236,-1.0,1.0,unrepeated,-1,prim
289.0,254.10583301794526,4.0,0.037454329,1.0,1.0,unrepeated,-1,yank
183.0,222.92320614064755,6.0,0.038820396,-1.0,1.0,unrepeated,-1,doom
296.0,233.1848579370052,1.0,0.042034881,1.0,1.0,unrepeated,-1,drum
4.0,335.0260610375703,10.0,0.03857022,1.0,1.0,unrepeated,-1,mint
92.0,311.42455987546,11.0,0.041550728,1.0,1.0,unrepeated,-1,tuck
39.0,167.0610826802029,9.0,0.02949011,1.0,1.0,unrepeated,-1,lard
475.0,311.61750005132706,8.0,0.026842569,1.0,1.0,unrepeated,-1,dusk
173.0,306.49173863828804,12.0,0.042592826,1.0,1.0,unrepeated,-1,reed
239.0,308.005757101068,8.0,0.045810911,1.0,1.0,unrepeated,-1,flow
310.0,336.81915453224184,15.0,0.042952791,1.0,1.0,unrepeated,-1,mill
302.0,213.31836644208533,0.0,0.028834974,1.0,1.0,unrepeated,-1,quad
230.0,256.63065908158677,6.0,0.031464516,1.0,1.0,unrepeated,-1,skid
240.0,276.47745053182837,4.0,0.026320621,-1.0,1.0,unrepeated,-1,dual
390.0,214.45055714575673,2.0,0.06653228,-1.0,1.0,unrepeated,-1,high
138.0,285.3035646537338,7.0,0.05755116,-1.0,1.0,unrepeated,-1,crap
126.0,262.8253541279656,1.0,0.014006227,-1.0,1.0,unrepeated,-1,peon
112.0,274.8794290230958,6.0,0.021912853,-1.0,1.0,unrepeated,-1,sped
140.0,222.5781498539276,0.0,0.020345206,1.0,1.0,unrepeated,-1,magi
309.0,283.43668233825423,4.0,0.02744911,1.0,1.0,unrepeated,-1,duet
117.0,307.56860216641815,4.0,0.00979284,1.0,1.0,unrepeated,-1,glob
53.0,273.7348618080633,13.0,0.037772898,1.0,1.0,unrepeated,-1,gale
155.0,298.96511359677044,5.0,0.037020572,1.0,1.0,unrepeated,-1,crow
58.0,254.29420804119172,2.0,0.025906661,-1.0,1.0,unrepeated,-1,tier
277.0,336.92909218500944,14.0,0.045823509,1.0,1.0,unrepeated,-1,dame
8.0,298.2825049404564,6.0,0.032808985,1.0,1.0,unrepeated,-1,gram
331.0,277.66748711899277,10.0,0.046244668,1.0,1.0,unrepeated,-1,port
350.0,294.1350061464181,11.0,0.030733788,-1.0,1.0,unrepeated,-1,gall
236.0,262.17525964975476,3.0,0.050341067,1.0,1.0,unrepeated,-1,path
133.0,311.46037320229436,14.0,0.047407354,-1.0,1.0,unrepeated,-1,tone
374.0,305.24644014161396,11.0,0.032924173,-1.0,1.0,unrepeated,-1,peed
76.0,316.5850649636358,9.0,0.026966757,1.0,1.0,unrepeated,-1,foil
388.0,295.63923793462453,11.0,0.050591242,-1.0,1.0,unrepeated,-1,warn
37.0,269.6033422442639,1.0,0.045755116,1.0,1.0,unrepeated,-1,poem
258.0,313.0872516352933,9.0,0.024162632,-1.0,1.0,unrepeated,-1,plop
429.0,305.6561770276954,7.0,0.039270352,1.0,1.0,unrepeated,-1,peak
77.0,315.9515151497952,11.0,0.036986375,-1.0,1.0,unrepeated,-1,peep
101.0,254.0018969105131,3.0,0.048282068,-1.0,1.0,unrepeated,-1,june
21.0,307.0010852866408,8.0,0.032386026,1.0,1.0,unrepeated,-1,hind
286.0,255.73923341832196,1.0,0.039597919,1.0,1.0,unrepeated,-1,crib
233.0,229.46789603983183,2.0,0.02561689,-1.0,1.0,unrepeated,-1,atop
150.0,198.16724983821683,2.0,0.064982632,-1.0,1.0,unrepeated,-1,able
121.0,332.3579068308039,10.0,0.017998236,1.0,1.0,unrepeated,-1,wort
237.0,278.04453779195853,3.0,0.017998236,1.0,1.0,unrepeated,-1,kiln
145.0,328.8972220824666,14.0,0.031252137,1.0,1.0,unrepeated,-1,tack
44.0,285.5012316427388,5.0,0.008588758,-1.0,1.0,unrepeated,-1,plod
363.0,259.67858947874095,3.0,0.040699411,-1.0,1.0,unrepeated,-1,fuss
23.0,338.64295137126186,18.0,0.014006227,-1.0,1.0,unrepeated,-1,sear
253.0,311.88067353303416,8.0,0.040890193,1.0,1.0,unrepeated,-1,melt
163.0,237.1826099195313,4.0,0.057405374,-1.0,1.0,unrepeated,-1,type
190.0,255.74980557828013,6.0,0.014630766,-1.0,1.0,unrepeated,-1,meld
413.0,294.24069113983825,6.0,0.026047047,-1.0,1.0,unrepeated,-1,rift
153.0,178.77973386812712,1.0,0.020629578,-1.0,1.0,unrepeated,-1,noun
210.0,311.2508077485226,7.0,0.031252137,1.0,1.0,unrepeated,-1,snot
471.0,259.68615409162777,8.0,0.032629002,-1.0,1.0,unrepeated,-1,gaze
341.0,234.50464813614371,3.0,0.065799752,-1.0,1.0,unrepeated,-1,free
193.0,275.5869894655697,3.0,0.028010655,1.0,1.0,unrepeated,-1,gout
426.0,287.3775011603811,7.0,0.046694624,-1.0,1.0,unrepeated,-1,flew
30.0,257.0720148330341,2.0,0.030420619,1.0,1.0,unrepeated,-1,knit
464.0,336.72295588285164,13.0,0.040371844,1.0,1.0,unrepeated,-1,bean
242.0,295.2609173602393,4.0,0.039192959,1.0,1.0,unrepeated,-1,glue
423.0,133.60465054405037,1.0,0.066480085,-1.0,1.0,unrepeated,-1,john
245.0,349.8358476512183,13.0,0.038654812,1.0,1.0,unrepeated,-1,slot
214.0,209.67585535303343,0.0,0.045620129,1.0,1.0,unrepeated,-1,exam
281.0,257.5826942601013,6.0,0.005419269,-1.0,1.0,unrepeated,-1,jeer
18.0,262.0633595791276,5.0,0.027902666,-1.0,1.0,unrepeated,-1,jolt
159.0,347.84017577781634,16.0,0.044169471,1.0,1.0,unrepeated,-1,boot
411.0,253.20253591599172,3.0,0.036705603,1.0,1.0,unrepeated,-1,turf
430.0,289.97755611944035,6.0,0.019742265,-1.0,1.0,unrepeated,-1,slur
511.0,309.23897608284534,8.0,0.02744911,1.0,1.0,unrepeated,-1,tush
466.0,241.74660477830716,0.0,0.026185634,1.0,1.0,unrepeated,-1,anus
417.0,323.4725579945903,12.0,0.03837224,1.0,1.0,unrepeated,-1,dose
395.0,270.40507331505876,3.0,0.027090945,1.0,1.0,unrepeated,-1,kelp
108.0,268.4811904396862,3.0,0.037020572,-1.0,1.0,unrepeated,-1,cult
154.0,289.3619937350199,3.0,0.029668293,1.0,1.0,unrepeated,-1,gasp
177.0,241.51907414872676,0.0,0.050080092,1.0,1.0,unrepeated,-1,guts
161.0,303.79499413260436,4.0,0.02500315,1.0,1.0,unrepeated,-1,font
124.0,245.8642725735586,3.0,0.053154191,-1.0,1.0,unrepeated,-1,whom
476.0,203.73016093109635,0.0,0.036378035,-1.0,1.0,unrepeated,-1,void
295.0,313.3805348297602,9.0,0.033590108,1.0,1.0,unrepeated,-1,cork
505.0,273.04157586376493,5.0,0.058379079,-1.0,1.0,unrepeated,-1,tony
420.0,276.5057848745821,7.0,0.031394323,-1.0,1.0,unrepeated,-1,poof
366.0,318.18358765522896,14.0,0.029841076,1.0,1.0,unrepeated,-1,dill
267.0,251.03695968950598,2.0,0.02744911,-1.0,1.0,unrepeated,-1,feud
439.0,315.6820249208799,11.0,0.039981282,1.0,1.0,unrepeated,-1,beep
338.0,315.1692424440493,12.0,0.038764601,1.0,1.0,unrepeated,-1,dove
107.0,273.055742457274,12.0,0.031180144,1.0,1.0,unrepeated,-1,vine
141.0,298.2205819192771,10.0,0.040827199,1.0,1.0,unrepeated,-1,tick
382.0,222.09033115498045,2.0,0.025906661,-1.0,1.0,unrepeated,-1,verb
330.0,307.80214349606473,6.0,0.020345206,1.0,1.0,unrepeated,-1,leer
349.0,286.59217288006755,6.0,0.042675618,-1.0,1.0,unrepeated,-1,hint
489.0,280.18117985983434,7.0,0.03193787,1.0,1.0,unrepeated,-1,flop
324.0,309.13627920869516,12.0,0.046095283,-1.0,1.0,unrepeated,-1,ward
444.0,313.51748974488163,11.0,0.040051475,1.0,1.0,unrepeated,-1,mice
467.0,277.2297191829712,13.0,0.029580101,1.0,1.0,unrepeated,-1,gill
260.0,246.27893027590918,2.0,0.027791076,1.0,1.0,unrepeated,-1,twig
105.0,223.79516463358723,1.0,0.044954194,1.0,1.0,unrepeated,-1,item
83.0,216.21926680535594,8.0,0.055826929,-1.0,1.0,unrepeated,-1,east
494.0,216.9963947495656,1.0,0.041257357,-1.0,1.0,unrepeated,-1,ahem
75.0,317.67874503655696,10.0,0.041646119,1.0,1.0,unrepeated,-1,hose
86.0,297.60780210820184,4.0,0.037454329,1.0,1.0,unrepeated,-1,raft
314.0,285.42790825663803,3.0,0.027791076,1.0,1.0,unrepeated,-1,hurl
135.0,208.96023123423083,1.0,0.048906607,-1.0,1.0,unrepeated,-1,earl
287.0,272.41778895585685,5.0,0.017175717,-1.0,1.0,unrepeated,-1,sown
483.0,323.7496688248683,9.0,0.032981768,1.0,1.0,unrepeated,-1,flap
209.0,258.8037707758177,4.0,0.051881716,-1.0,1.0,unrepeated,-1,gosh
211.0,278.5640894427889,7.0,0.044928997,-1.0,1.0,unrepeated,-1,tend
273.0,265.17755914723205,7.0,0.0357193,-1.0,1.0,unrepeated,-1,pact
185.0,211.3051581849974,0.0,0.017598675,1.0,1.0,unrepeated,-1,oboe
440.0,278.60243919717544,14.0,0.050458055,-1.0,1.0,unrepeated,-1,rate
151.0,275.079110334147,9.0,0.048184878,-1.0,1.0,unrepeated,-1,vice
508.0,283.05812000847584,6.0,0.040460035,1.0,1.0,unrepeated,-1,geek
116.0,313.19699409190673,11.0,0.044531236,-1.0,1.0,unrepeated,-1,lend
488.0,211.97514780885118,0.0,0.036705603,1.0,1.0,unrepeated,-1,iced
347.0,167.91502585516895,1.0,0.019423696,-1.0,1.0,unrepeated,-1,ajar
453.0,338.27646379941837,10.0,0.023016144,1.0,1.0,unrepeated,-1,punt
57.0,295.5641344946566,7.0,0.044479041,-1.0,1.0,unrepeated,-1,plot
45.0,233.81685196078791,2.0,0.046784615,1.0,1.0,unrepeated,-1,exit
449.0,282.76805211748615,3.0,0.02500315,1.0,1.0,unrepeated,-1,gimp
171.0,212.85606417137583,0.0,0.025161534,1.0,1.0,unrepeated,-1,judo
332.0,265.2760169345843,3.0,0.025161534,-1.0,1.0,unrepeated,-1,racy
416.0,350.4296340848818,13.0,0.019742265,1.0,1.0,unrepeated,-1,pane
367.0,281.416645500782,4.0,0.008588758,-1.0,1.0,unrepeated,-1,rasp
493.0,263.8387011430956,8.0,0.04000468,1.0,1.0,unrepeated,-1,hike
198.0,283.29921520614323,15.0,0.036741599,-1.0,1.0,unrepeated,-1,dine
221.0,261.97822691450585,2.0,0.02561689,1.0,1.0,unrepeated,-1,opal
387.0,228.8770587786988,1.0,0.044990191,1.0,1.0,unrepeated,-1,inch
123.0,320.926747994312,15.0,0.040784003,-1.0,1.0,unrepeated,-1,bent
90.0,260.642641843748,4.0,0.060292291,-1.0,1.0,unrepeated,-1,cute
399.0,294.9427770714876,10.0,0.035798492,-1.0,1.0,unrepeated,-1,slit
292.0,279.2034468323141,3.0,0.025467504,1.0,1.0,unrepeated,-1,perm
344.0,189.4798896639702,0.0,0.058870431,-1.0,1.0,unrepeated,-1,evil
478.0,289.62846147689777,8.0,0.047967099,-1.0,1.0,unrepeated,-1,noon
12.0,242.38780076558706,2.0,0.044635626,1.0,1.0,unrepeated,-1,frog
66.0,307.9198660314197,8.0,0.043960692,1.0,1.0,unrepeated,-1,torn
271.0,261.9842872965428,4.0,0.050494052,-1.0,1.0,unrepeated,-1,drew
368.0,289.13810497947463,5.0,0.036113461,1.0,1.0,unrepeated,-1,mutt
313.0,246.34305765002227,9.0,0.03652562,-1.0,1.0,unrepeated,-1,ripe
403.0,273.47055156555183,7.0,0.008588758,1.0,1.0,unrepeated,-1,cowl
371.0,325.3365360601959,11.0,0.045328558,1.0,1.0,unrepeated,-1,sack
438.0,297.72090590713714,9.0,0.005419269,-1.0,1.0,unrepeated,-1,gape
288.0,310.7223920930336,10.0,0.045722719,1.0,1.0,unrepeated,-1,barn
376.0,287.218642353418,13.0,0.029216537,1.0,1.0,unrepeated,-1,mast
139.0,296.7168503841823,10.0,0.031394323,-1.0,1.0,unrepeated,-1,sank
99.0,229.4955755061348,2.0,0.018379799,1.0,1.0,unrepeated,-1,waxy
59.0,317.8825766521915,11.0,0.042177067,1.0,1.0,unrepeated,-1,fold
485.0,256.1128827020817,2.0,0.0214251,-1.0,1.0,unrepeated,-1,coed
84.0,307.59100445378914,12.0,0.037223952,1.0,1.0,unrepeated,-1,rail
510.0,269.68933772605754,4.0,0.047205774,1.0,1.0,unrepeated,-1,tube
270.0,269.85479453589886,7.0,0.048379259,-1.0,1.0,unrepeated,-1,ease
459.0,284.8453056744622,9.0,0.041196163,-1.0,1.0,unrepeated,-1,hush
11.0,218.47698862934462,1.0,0.023797268,-1.0,1.0,unrepeated,-1,faux
263.0,291.66745442202216,4.0,0.042387646,1.0,1.0,unrepeated,-1,dial
300.0,290.4216219158971,10.0,0.036986375,-1.0,1.0,unrepeated,-1,vile
65.0,321.9032821090756,13.0,0.032866579,1.0,1.0,unrepeated,-1,hoot
31.0,303.35043437675813,10.0,0.041136769,-1.0,1.0,unrepeated,-1,bold
160.0,209.31449742091982,1.0,0.020345206,-1.0,1.0,unrepeated,-1,anti
279.0,178.193488493176,3.0,0.05989813,-1.0,1.0,unrepeated,-1,join
34.0,231.66402529324728,2.0,0.00979284,-1.0,1.0,unrepeated,-1,awed
172.0,317.81114575299955,10.0,0.029122946,1.0,1.0,unrepeated,-1,gent
408.0,258.24897923970605,2.0,0.024677382,1.0,1.0,unrepeated,-1,acne
7.0,251.84807907303698,3.0,0.064257303,-1.0,1.0,unrepeated,-1,plan
268.0,298.69664700642875,11.0,0.028331024,-1.0,1.0,unrepeated,-1,rite
284.0,318.8113840080802,12.0,0.037357139,-1.0,1.0,unrepeated,-1,sunk
312.0,240.14668078843806,1.0,0.023016144,-1.0,1.0,unrepeated,-1,gory
458.0,337.9450869885084,13.0,0.036599413,1.0,1.0,unrepeated,-1,hull
326.0,317.70131162984035,12.0,0.030656396,1.0,1.0,unrepeated,-1,dome
182.0,148.98179146900728,4.0,0.024841166,-1.0,1.0,unrepeated,-1,vamp
393.0,230.5894581284152,5.0,0.046674826,-1.0,1.0,unrepeated,-1,earn
96.0,322.26413444534376,9.0,0.040393441,1.0,1.0,unrepeated,-1,cunt
136.0,237.90124550365326,5.0,0.040805601,1.0,1.0,unrepeated,-1,dorm
353.0,311.0911150870116,13.0,0.047805115,-1.0,1.0,unrepeated,-1,lack
323.0,275.75869783188796,4.0,0.018743363,-1.0,1.0,unrepeated,-1,doer
202.0,273.2519077651395,4.0,0.030341427,1.0,1.0,unrepeated,-1,moan
69.0,269.8136835572165,3.0,0.040721009,-1.0,1.0,unrepeated,-1,folk
104.0,274.8851850862654,8.0,0.038820396,-1.0,1.0,unrepeated,-1,fade
301.0,246.07995502810036,2.0,0.046041288,-1.0,1.0,unrepeated,-1,self
33.0,285.2972983698453,6.0,0.038226454,1.0,1.0,unrepeated,-1,leaf
212.0,312.0775758191212,11.0,0.028932165,-1.0,1.0,unrepeated,-1,toot
64.0,290.1903197125452,4.0,0.016727561,-1.0,1.0,unrepeated,-1,arid
294.0,309.01230530013015,14.0,0.056699843,-1.0,1.0,unrepeated,-1,dare
321.0,320.7643391506807,13.0,0.017175717,-1.0,1.0,unrepeated,-1,rile
118.0,241.66332062981027,0.0,0.03837224,1.0,1.0,unrepeated,-1,nova
487.0,253.281578732732,1.0,0.039218157,1.0,1.0,unrepeated,-1,stir
218.0,277.87941004611383,6.0,0.0214251,-1.0,1.0,unrepeated,-1,balm
143.0,258.86430399424324,4.0,0.016254207,-1.0,1.0,unrepeated,-1,axed
131.0,318.02973692790795,10.0,0.038314645,1.0,1.0,unrepeated,-1,sole
462.0,228.43079332399412,5.0,0.053236983,-1.0,1.0,unrepeated,-1,babe
234.0,292.3871928330085,13.0,0.032629002,-1.0,1.0,unrepeated,-1,rave
419.0,289.21737422763914,4.0,0.025161534,1.0,1.0,unrepeated,-1,stub
315.0,330.44192549245093,8.0,0.00979284,1.0,1.0,unrepeated,-1,spay
207.0,292.6281575080777,9.0,0.050645237,-1.0,1.0,unrepeated,-1,hire
14.0,344.084605544434,20.0,0.043190367,1.0,1.0,unrepeated,-1,core
491.0,300.49825694765093,7.0,0.02500315,-1.0,1.0,unrepeated,-1,blot
32.0,283.34256502943214,9.0,0.00979284,-1.0,1.0,unrepeated,-1,jell
80.0,257.14198767442963,5.0,0.027211533,-1.0,1.0,unrepeated,-1,stow
178.0,316.8005501539434,10.0,0.04601969,1.0,1.0,unrepeated,-1,bush
436.0,295.83982700428106,8.0,0.047185976,-1.0,1.0,unrepeated,-1,math
1.0,343.7499824413665,10.0,0.025161534,1.0,1.0,unrepeated,-1,pant
316.0,345.3584733152238,12.0,0.045051385,1.0,1.0,unrepeated,-1,slap
164.0,306.5215159153657,8.0,0.037740501,1.0,1.0,unrepeated,-1,heap
125.0,246.82700374653922,4.0,0.039218157,1.0,1.0,unrepeated,-1,nude
199.0,274.7502407468796,10.0,0.030499811,1.0,1.0,unrepeated,-1,dart
179.0,286.5213331592105,12.0,0.032260039,-1.0,1.0,unrepeated,-1,swam
42.0,245.96176956483356,6.0,0.037223952,-1.0,1.0,unrepeated,-1,flee
352.0,288.61551706244376,7.0,0.033320135,1.0,1.0,unrepeated,-1,woof
3.0,311.5450034090668,7.0,0.027564299,-1.0,1.0,unrepeated,-1,slew
19.0,206.3777885509747,1.0,0.066978636,-1.0,1.0,unrepeated,-1,also
441.0,233.27249080030182,4.0,0.043237163,-1.0,1.0,unrepeated,-1,oath
486.0,201.95722790752922,0.0,0.022593186,1.0,1.0,unrepeated,-1,czar
340.0,224.66543001577193,3.0,0.023797268,-1.0,1.0,unrepeated,-1,coax
148.0,238.70171449383702,1.0,0.050670434,1.0,1.0,unrepeated,-1,data
109.0,312.30133389282116,12.0,0.045810911,1.0,1.0,unrepeated,-1,sail
265.0,337.6524934289967,12.0,0.045481543,1.0,1.0,unrepeated,-1,pile
223.0,259.92396672051916,6.0,0.0428556,-1.0,1.0,unrepeated,-1,scan
213.0,179.1807881270485,0.0,0.017175717,1.0,1.0,unrepeated,-1,onyx
269.0,301.476644453574,7.0,0.028636994,1.0,1.0,unrepeated,-1,haze
49.0,341.03249722892645,13.0,0.034680801,1.0,1.0,unrepeated,-1,lime
165.0,321.83337380604496,10.0,0.023219524,-1.0,1.0,unrepeated,-1,wary
320.0,171.23636140051264,0.0,0.040393441,-1.0,1.0,unrepeated,-1,echo
397.0,254.57904527266697,2.0,0.013325894,-1.0,1.0,unrepeated,-1,heft
306.0,263.2588921166397,4.0,0.05092241,1.0,1.0,unrepeated,-1,drag
291.0,238.3117226302657,5.0,0.018743363,-1.0,1.0,unrepeated,-1,wisp
407.0,271.1155698792539,4.0,0.024841166,-1.0,1.0,unrepeated,-1,sass
95.0,302.1668873907121,8.0,0.008588758,1.0,1.0,unrepeated,-1,eave
431.0,260.26314495763665,5.0,0.026047047,-1.0,1.0,unrepeated,-1,veer
98.0,263.5646648310008,3.0,0.045222368,1.0,1.0,unrepeated,-1,hawk
402.0,298.7726414148996,7.0,0.025467504,-1.0,1.0,unrepeated,-1,toil
247.0,272.61991214829743,11.0,0.033208546,-1.0,1.0,unrepeated,-1,tame
197.0,293.1649860002944,8.0,0.04449344,1.0,1.0,unrepeated,-1,porn
220.0,299.8889286262919,7.0,0.044662623,1.0,1.0,unrepeated,-1,slim
194.0,279.2142921472795,6.0,0.026047047,-1.0,1.0,unrepeated,-1,pout
445.0,264.141021963465,4.0,0.027677688,1.0,1.0,unrepeated,-1,newt
158.0,231.0260622080973,1.0,0.05734238,-1.0,1.0,unrepeated,-1,lots
401.0,273.8266504017661,4.0,0.050542647,1.0,1.0,unrepeated,-1,soup
200.0,213.97373027969292,3.0,0.012580767,-1.0,1.0,unrepeated,-1,boxy
385.0,249.61715459832718,5.0,0.02214683,1.0,1.0,unrepeated,-1,blog
261.0,253.2263126685008,13.0,0.042195065,-1.0,1.0,unrepeated,-1,fame
355.0,288.65059904694726,7.0,0.028118644,-1.0,1.0,unrepeated,-1,perk
427.0,223.14320969080092,1.0,0.037740501,-1.0,1.0,unrepeated,-1,numb
216.0,334.5650128456699,11.0,0.032808985,1.0,1.0,unrepeated,-1,dunk
435.0,259.12262196848286,2.0,0.027211533,1.0,1.0,unrepeated,-1,germ
425.0,258.35077954948474,1.0,0.046674826,1.0,1.0,unrepeated,-1,lion
229.0,216.06088005170614,1.0,0.045643527,-1.0,1.0,unrepeated,-1,blah
339.0,220.73258885216651,11.0,0.026047047,-1.0,1.0,unrepeated,-1,gore
74.0,303.53973781743514,11.0,0.03153471,-1.0,1.0,unrepeated,-1,dire
500.0,277.8149037017354,7.0,0.028010655,-1.0,1.0,unrepeated,-1,rung
266.0,267.50910596587767,5.0,0.025467504,1.0,1.0,unrepeated,-1,yawn
389.0,167.38867431477613,0.0,0.027902666,-1.0,1.0,unrepeated,-1,aqua
20.0,319.24812588983104,13.0,0.041336549,-1.0,1.0,unrepeated,-1,bore
479.0,220.98305844101938,1.0,0.041257357,1.0,1.0,unrepeated,-1,auto
130.0,283.61068891048865,3.0,0.038928385,1.0,1.0,unrepeated,-1,toad
204.0,253.85451458290677,2.0,0.046685625,-1.0,1.0,unrepeated,-1,diet
46.0,199.08660526040757,1.0,0.056046507,-1.0,1.0,unrepeated,-1,duty
238.0,213.95015828657742,3.0,0.035996472,-1.0,1.0,unrepeated,-1,whiz
166.0,297.5079368955964,12.0,0.057392776,-1.0,1.0,unrepeated,-1,west
257.0,172.22871754256704,0.0,0.057668149,-1.0,1.0,unrepeated,-1,upon
244.0,313.8461405585316,10.0,0.052230881,-1.0,1.0,unrepeated,-1,bond
252.0,248.3668269882537,2.0,0.030012059,1.0,1.0,unrepeated,-1,logo
305.0,179.91133267192623,1.0,0.012580767,-1.0,1.0,unrepeated,-1,ashy
461.0,258.2465031298695,3.0,0.037054769,1.0,1.0,unrepeated,-1,loaf
249.0,192.89121086078714,9.0,0.033429924,-1.0,0.0,unrepeated,-1,stat
231.0,281.967979273721,4.0,0.036378035,1.0,1.0,unrepeated,-1,curb
241.0,285.34336092530714,4.0,0.022593186,1.0,1.0,unrepeated,-1,burr
27.0,300.03088516038736,8.0,0.038654812,1.0,1.0,unrepeated,-1,weep
454.0,308.4556529909756,11.0,0.014006227,-1.0,1.0,unrepeated,-1,dote
205.0,331.1697876848656,13.0,0.044045284,1.0,1.0,unrepeated,-1,lick
400.0,327.2798769421296,10.0,0.045161174,1.0,1.0,unrepeated,-1,pump
73.0,228.7924331189663,1.0,0.016727561,-1.0,1.0,unrepeated,-1,gawk
79.0,295.4196175268488,5.0,0.046296863,1.0,1.0,unrepeated,-1,spin
410.0,288.80054163926224,8.0,0.044318857,-1.0,1.0,unrepeated,-1,slut
262.0,324.7889216482753,7.0,0.021671676,1.0,1.0,unrepeated,-1,kilt
255.0,264.36702172698125,6.0,0.045800112,-1.0,1.0,unrepeated,-1,gain
492.0,237.71861310450035,1.0,0.026047047,1.0,1.0,unrepeated,-1,smog
442.0,282.0105373357907,7.0,0.029027555,1.0,1.0,unrepeated,-1,stag
170.0,291.16739956743635,9.0,0.034349634,-1.0,1.0,unrepeated,-1,funk
455.0,268.77266775472293,9.0,0.03816706,-1.0,1.0,unrepeated,-1,mode
114.0,203.13496583700876,1.0,0.064854844,-1.0,1.0,unrepeated,-1,whoa
72.0,232.64236581268818,3.0,0.044928997,-1.0,1.0,unrepeated,-1,coma
235.0,290.18325805517384,7.0,0.036671406,-1.0,1.0,unrepeated,-1,lure
481.0,294.6047889217793,10.0,0.031252137,-1.0,1.0,unrepeated,-1,boon
499.0,309.71695864249045,10.0,0.037258149,1.0,1.0,unrepeated,-1,pike
100.0,290.0022040752473,8.0,0.042052879,-1.0,1.0,unrepeated,-1,rank
81.0,211.98582897168527,2.0,0.055268984,-1.0,1.0,unrepeated,-1,size
392.0,305.91678255144484,5.0,0.042177067,1.0,1.0,unrepeated,-1,pimp
62.0,232.20228256087816,0.0,0.0,1.0,1.0,unrepeated,-1,lynx
0.0,31.24451079231496,2.0,0.019423696,-1.0,1.0,repeated,1,trod
1.0,22.754961675015274,10.0,0.025161534,1.0,1.0,repeated,1,pant
2.0,22.01507110770069,5.0,0.042052879,1.0,1.0,repeated,1,robe
3.0,24.854370313531245,7.0,0.027564299,-1.0,1.0,repeated,1,slew
4.0,22.2082780704203,10.0,0.03857022,1.0,1.0,repeated,1,mint
5.0,14.791203587637971,15.0,0.050603841,-1.0,1.0,repeated,1,sale
6.0,21.34763396911613,0.0,0.024677382,1.0,1.0,repeated,1,dojo
7.0,12.884268728675394,3.0,0.064257303,-1.0,1.0,repeated,1,plan
8.0,34.80088101274636,6.0,0.032808985,1.0,1.0,repeated,1,gram
9.0,30.133600600404087,1.0,0.00979284,1.0,1.0,repeated,1,clef
10.0,13.515670682613,7.0,0.052893216,-1.0,1.0,repeated,1,mood
11.0,22.08600825247351,1.0,0.023797268,-1.0,1.0,repeated,1,faux
12.0,29.586314597178692,2.0,0.044635626,1.0,1.0,repeated,1,frog
13.0,23.8870076913753,8.0,0.019742265,-1.0,1.0,repeated,1,bode
14.0,23.145376379221375,20.0,0.043190367,1.0,1.0,repeated,1,core
15.0,13.023037004996917,5.0,0.052113893,-1.0,1.0,repeated,1,tour
16.0,21.655060571855834,3.0,0.014630766,1.0,1.0,repeated,1,talc
17.0,21.48497631351767,8.0,0.042034881,1.0,1.0,repeated,1,scar
18.0,22.797817256784175,5.0,0.027902666,-1.0,1.0,repeated,1,jolt
19.0,12.285643174187992,1.0,0.066978636,-1.0,1.0,repeated,1,also
20.0,14.561011514379569,13.0,0.041336549,-1.0,1.0,repeated,1,bore
21.0,25.195014826264597,8.0,0.032386026,1.0,1.0,repeated,1,hind
22.0,21.590653705418823,5.0,0.037895286,1.0,1.0,repeated,1,herb
23.0,14.901916452077995,18.0,0.014006227,-1.0,1.0,repeated,1,sear
24.0,21.404270989464628,1.0,0.052571048,-1.0,1.0,repeated,1,ally
25.0,13.54572320417411,10.0,0.022373607,-1.0,1.0,repeated,1,mope
26.0,21.34240459623471,5.0,0.037389536,1.0,1.0,repeated,1,limb
27.0,21.65353759710641,8.0,0.038654812,1.0,1.0,repeated,1,weep
28.0,21.848601236103246,8.0,0.033096956,1.0,1.0,repeated,1,hoop
29.0,13.049265738015785,3.0,0.019090729,-1.0,1.0,repeated,1,maim
30.0,31.419394737617665,2.0,0.030420619,1.0,1.0,repeated,1,knit
31.0,23.124745741781187,10.0,0.041136769,-1.0,1.0,repeated,1,bold
32.0,12.948680339447469,9.0,0.00979284,-1.0,1.0,repeated,1,jell
33.0,25.888590436047895,6.0,0.038226454,1.0,1.0,repeated,1,leaf
34.0,12.279107851649295,2.0,0.00979284,-1.0,1.0,repeated,1,awed
35.0,21.194833368620497,0.0,0.021671676,1.0,1.0,repeated,1,euro
36.0,22.345130001530926,3.0,0.041136769,-1.0,1.0,repeated,1,prep
37.0,21.966532891137838,1.0,0.045755116,1.0,1.0,repeated,1,poem
38.0,15.038130147723388,16.0,0.041907093,-1.0,1.0,repeated,1,bare
39.0,30.05831449781045,9.0,0.02949011,1.0,1.0,repeated,1,lard
40.0,30.80479484950652,12.0,0.022593186,1.0,1.0,repeated,1,gash
41.0,26.504212186202444,7.0,0.04315977,1.0,1.0,repeated,1,silk
42.0,19.691830201083945,6.0,0.037223952,-1.0,1.0,repeated,1,flee
43.0,23.74141787450792,1.0,0.023417505,1.0,1.0,repeated,1,yogi
44.0,22.176073965532805,5.0,0.008588758,-1.0,1.0,repeated,1,plod
45.0,21.064684386413134,2.0,0.046784615,1.0,1.0,repeated,1,exit
46.0,12.592241767364106,1.0,0.056046507,-1.0,1.0,repeated,1,duty
47.0,21.912744831707613,13.0,0.023016144,-1.0,1.0,repeated,1,hone
48.0,39.52399937778803,2.0,0.030260434,1.0,1.0,repeated,1,fuzz
49.0,22.472848601854924,13.0,0.034680801,1.0,1.0,repeated,1,lime
50.0,31.199688880541736,3.0,0.038681809,-1.0,1.0,repeated,1,prey
51.0,14.045007638225595,9.0,0.023797268,-1.0,1.0,repeated,1,bunt
52.0,23.384595134107055,12.0,0.046996994,-1.0,1.0,repeated,1,rape
53.0,22.826892232092696,13.0,0.037772898,1.0,1.0,repeated,1,gale
54.0,12.67756452782966,1.0,0.021912853,-1.0,1.0,repeated,1,spry
55.0,21.281775171078316,5.0,0.046106082,1.0,1.0,repeated,1,flip
56.0,15.112189226580435,15.0,0.032981768,-1.0,1.0,repeated,1,fore
57.0,13.257287112009658,7.0,0.044479041,-1.0,1.0,repeated,1,plot
58.0,22.204719127750064,2.0,0.025906661,-1.0,1.0,repeated,1,tier
59.0,22.0575502223676,11.0,0.042177067,1.0,1.0,repeated,1,fold
60.0,27.03216895226862,3.0,0.04755134,1.0,1.0,repeated,1,fuel
61.0,29.220522898339812,7.0,0.029841076,1.0,1.0,repeated,1,dung
62.0,20.89578964600518,0.0,0.0,1.0,1.0,repeated,1,lynx
63.0,13.214757161861803,4.0,0.050794622,-1.0,1.0,repeated,1,thee
64.0,26.99321345398306,4.0,0.016727561,-1.0,1.0,repeated,1,arid
65.0,22.26870903964862,13.0,0.032866579,1.0,1.0,repeated,1,hoot
66.0,27.50123125142281,8.0,0.043960692,1.0,1.0,repeated,1,torn
67.0,17.692603991339546,6.0,0.052290276,-1.0,1.0,repeated,1,weak
68.0,28.693990544255126,4.0,0.038955382,1.0,1.0,repeated,1,cuff
69.0,17.522033808967322,3.0,0.040721009,-1.0,1.0,repeated,1,folk
70.0,32.731094634138984,14.0,0.03458721,-1.0,1.0,repeated,1,cope
71.0,24.87863741543353,4.0,0.024841166,1.0,1.0,repeated,1,spud
72.0,20.629882194864688,3.0,0.044928997,-1.0,1.0,repeated,1,coma
73.0,12.893858299869695,1.0,0.016727561,-1.0,1.0,repeated,1,gawk
74.0,23.555643236451765,11.0,0.03153471,-1.0,1.0,repeated,1,dire
75.0,22.520830678492565,10.0,0.041646119,1.0,1.0,repeated,1,hose
76.0,30.075662328888832,9.0,0.026966757,1.0,1.0,repeated,1,foil
77.0,13.618301043151998,11.0,0.036986375,-1.0,1.0,repeated,1,peep
78.0,21.634577588600457,4.0,0.022807365,1.0,1.0,repeated,1,fawn
79.0,33.17611421389991,5.0,0.046296863,1.0,1.0,repeated,1,spin
80.0,22.507470581522405,5.0,0.027211533,-1.0,1.0,repeated,1,stow
81.0,13.375936009017007,2.0,0.055268984,-1.0,1.0,repeated,1,size
82.0,19.34891023468225,11.0,0.031394323,-1.0,1.0,repeated,1,hock
83.0,20.29633986951161,8.0,0.055826929,-1.0,1.0,repeated,1,east
84.0,21.86208014642596,12.0,0.037223952,1.0,1.0,repeated,1,rail
85.0,22.31285796515881,13.0,0.033590108,1.0,1.0,repeated,1,pest
86.0,24.20790303631041,4.0,0.037454329,1.0,1.0,repeated,1,raft
87.0,21.11076057469157,0.0,0.022593186,1.0,1.0,repeated,1,tutu
88.0,13.736502173478453,6.0,0.046503843,-1.0,1.0,repeated,1,host
89.0,26.503721281866262,4.0,0.022593186,1.0,1.0,repeated,1,lube
90.0,18.350538892883186,4.0,0.060292291,-1.0,1.0,repeated,1,cute
91.0,23.581989957789382,15.0,0.007163298,-1.0,1.0,repeated,1,sate
92.0,21.680116027454307,11.0,0.041550728,1.0,1.0,repeated,1,tuck
93.0,21.381264494263107,2.0,0.045161174,1.0,1.0,repeated,1,eats
94.0,14.544811116715973,5.0,0.019742265,-1.0,1.0,repeated,1,spew
95.0,22.060343142695206,8.0,0.008588758,1.0,1.0,repeated,1,eave
96.0,22.150027912169527,9.0,0.040393441,1.0,1.0,repeated,1,cunt
97.0,22.83274654775494,14.0,0.007163298,1.0,1.0,repeated,1,slat
98.0,21.685573929071666,3.0,0.045222368,1.0,1.0,repeated,1,hawk
99.0,21.48874809420182,2.0,0.018379799,1.0,1.0,repeated,1,waxy
100.0,23.364982235077342,8.0,0.042052879,-1.0,1.0,repeated,1,rank
101.0,22.68368353424353,3.0,0.048282068,-1.0,1.0,repeated,1,june
102.0,13.205611469556734,6.0,0.032808985,-1.0,1.0,repeated,1,reap
103.0,21.68715862038302,2.0,0.020903151,-1.0,1.0,repeated,1,awry
104.0,13.557867133457467,8.0,0.038820396,-1.0,1.0,repeated,1,fade
105.0,23.70466266752772,1.0,0.044954194,1.0,1.0,repeated,1,item
106.0,13.096314985193095,2.0,0.016727561,-1.0,1.0,repeated,1,airy
107.0,31.487165944228565,12.0,0.031180144,1.0,1.0,repeated,1,vine
108.0,19.11129271140397,3.0,0.037020572,-1.0,1.0,repeated,1,cult
109.0,22.137964153005473,12.0,0.045810911,1.0,1.0,repeated,1,sail
110.0,13.918690838444732,11.0,0.024841166,-1.0,1.0,repeated,1,fend
111.0,21.522908545032458,1.0,0.015210309,1.0,1.0,repeated,1,peso
112.0,22.281059526805002,6.0,0.021912853,-1.0,1.0,repeated,1,sped
113.0,22.351706557718042,11.0,0.036741599,1.0,1.0,repeated,1,mold
114.0,12.248583301564084,1.0,0.064854844,-1.0,1.0,repeated,1,whoa
115.0,34.050651532473445,7.0,0.026714782,1.0,1.0,repeated,1,blob
116.0,14.075595462999146,11.0,0.044531236,-1.0,1.0,repeated,1,lend
117.0,24.88658781860016,4.0,0.00979284,1.0,1.0,repeated,1,glob
118.0,21.234462786601064,0.0,0.03837224,1.0,1.0,repeated,1,nova
119.0,22.119989360715017,1.0,0.017998236,-1.0,1.0,repeated,1,ogle
120.0,20.901155162383162,0.0,0.026320621,1.0,1.0,repeated,1,afro
121.0,28.601827583896345,10.0,0.017998236,1.0,1.0,repeated,1,wort
122.0,23.185901604928247,11.0,0.012580767,-1.0,1.0,repeated,1,seep
123.0,14.212613220067457,15.0,0.040784003,-1.0,1.0,repeated,1,bent
124.0,29.971416190178026,3.0,0.053154191,-1.0,1.0,repeated,1,whom
125.0,30.420994926304637,4.0,0.039218157,1.0,1.0,repeated,1,nude
126.0,19.560807798107785,1.0,0.014006227,-1.0,1.0,repeated,1,peon
127.0,21.77084844444519,9.0,0.044333255,1.0,1.0,repeated,1,cock
128.0,21.11581184118582,3.0,0.010836738,1.0,1.0,repeated,1,alum
129.0,16.8966964029361,6.0,0.013325894,-1.0,1.0,repeated,1,clad
130.0,22.217739917758344,3.0,0.038928385,1.0,1.0,repeated,1,toad
131.0,23.06733086583869,10.0,0.038314645,1.0,1.0,repeated,1,sole
132.0,23.10228023287617,15.0,0.030960566,1.0,1.0,repeated,1,bale
133.0,14.659246640292547,14.0,0.047407354,-1.0,1.0,repeated,1,tone
134.0,13.154902440571387,3.0,0.027791076,-1.0,1.0,repeated,1,duly
135.0,13.07033057814271,1.0,0.048906607,-1.0,1.0,repeated,1,earl
136.0,21.910068952817852,5.0,0.040805601,1.0,1.0,repeated,1,dorm
137.0,21.75999093932179,7.0,0.030499811,1.0,1.0,repeated,1,fang
138.0,13.337455639019975,7.0,0.05755116,-1.0,1.0,repeated,1,crap
139.0,14.701275846816438,10.0,0.031394323,-1.0,1.0,repeated,1,sank
140.0,21.28344086496502,0.0,0.020345206,1.0,1.0,repeated,1,magi
141.0,21.639837296678884,10.0,0.040827199,1.0,1.0,repeated,1,tick
142.0,21.759055452340313,1.0,0.040742607,-1.0,1.0,repeated,1,glen
143.0,31.164766844389913,4.0,0.016254207,-1.0,1.0,repeated,1,axed
144.0,22.73623216687523,6.0,0.027330322,-1.0,1.0,repeated,1,posh
145.0,22.382918059068487,14.0,0.031252137,1.0,1.0,repeated,1,tack
146.0,21.4576371428659,1.0,0.024162632,1.0,1.0,repeated,1,zinc
147.0,25.143265414093133,7.0,0.040121668,1.0,1.0,repeated,1,disk
148.0,21.629157739892417,1.0,0.050670434,1.0,1.0,repeated,1,data
149.0,18.24175326452345,3.0,0.027677688,-1.0,1.0,repeated,1,daft
150.0,22.273984101095788,2.0,0.064982632,-1.0,1.0,repeated,1,able
151.0,13.241802767281659,9.0,0.048184878,-1.0,1.0,repeated,1,vice
152.0,22.6153045309889,8.0,0.031603103,-1.0,1.0,repeated,1,goof
153.0,12.86230572035276,1.0,0.020629578,-1.0,1.0,repeated,1,noun
154.0,21.794276654398956,3.0,0.029668293,1.0,1.0,repeated,1,gasp
155.0,36.05159471299756,5.0,0.037020572,1.0,1.0,repeated,1,crow
156.0,19.644158476631326,11.0,0.042106874,-1.0,1.0,repeated,1,hack
157.0,21.806571666779785,8.0,0.022593186,1.0,1.0,repeated,1,fowl
158.0,12.947944435691008,1.0,0.05734238,-1.0,1.0,repeated,1,lots
159.0,22.69446998599941,16.0,0.044169471,1.0,1.0,repeated,1,boot
160.0,12.149481375721919,1.0,0.020345206,-1.0,1.0,repeated,1,anti
161.0,22.308163511577597,4.0,0.02500315,1.0,1.0,repeated,1,font
162.0,21.322395019589194,0.0,0.050740627,1.0,1.0,repeated,1,taxi
163.0,31.777374466591805,4.0,0.057405374,-1.0,1.0,repeated,1,type
164.0,21.961443626209668,8.0,0.037740501,1.0,1.0,repeated,1,heap
165.0,19.0706459360235,10.0,0.023219524,-1.0,1.0,repeated,1,wary
166.0,13.457064182444146,12.0,0.057392776,-1.0,1.0,repeated,1,west
167.0,31.21693637536461,6.0,0.014630766,1.0,1.0,repeated,1,nape
168.0,22.986335942837854,4.0,0.016727561,-1.0,1.0,repeated,1,gait
169.0,12.811465952501527,1.0,0.052682637,-1.0,1.0,repeated,1,jerk
170.0,22.106598676776777,9.0,0.034349634,-1.0,1.0,repeated,1,funk
171.0,20.961963111083485,0.0,0.025161534,1.0,1.0,repeated,1,judo
172.0,30.35153555064951,10.0,0.029122946,1.0,1.0,repeated,1,gent
173.0,22.00601033584583,12.0,0.042592826,1.0,1.0,repeated,1,reed
174.0,26.550495506277258,2.0,0.039957884,1.0,1.0,repeated,1,riot
175.0,23.17402768516074,7.0,0.03652562,-1.0,1.0,repeated,1,dork
176.0,21.709473880967842,2.0,0.029841076,1.0,1.0,repeated,1,gala
177.0,21.232624717149058,0.0,0.050080092,1.0,1.0,repeated,1,guts
178.0,26.02294191318573,10.0,0.04601969,1.0,1.0,repeated,1,bush
179.0,22.349710871536224,12.0,0.032260039,-1.0,1.0,repeated,1,swam
180.0,22.760686465061703,5.0,0.039981282,-1.0,1.0,repeated,1,vain
181.0,30.125326411059064,7.0,0.031806483,1.0,1.0,repeated,1,tong
182.0,13.115696600203748,4.0,0.024841166,-1.0,1.0,repeated,1,vamp
183.0,13.409845089297907,6.0,0.038820396,-1.0,1.0,repeated,1,doom
184.0,15.674104086692981,14.0,0.044016486,-1.0,1.0,repeated,1,lame
185.0,21.360888582958832,0.0,0.017598675,1.0,1.0,repeated,1,oboe
186.0,22.14334419002506,3.0,0.043804107,1.0,1.0,repeated,1,lamb
187.0,21.632631801579358,1.0,0.050782023,-1.0,1.0,repeated,1,amen
188.0,21.744146639028415,9.0,0.042265258,1.0,1.0,repeated,1,beam
189.0,12.369279672023094,3.0,0.010836738,-1.0,1.0,repeated,1,skew
190.0,14.00656466617571,6.0,0.014630766,-1.0,1.0,repeated,1,meld
191.0,22.253213405650026,7.0,0.033537913,1.0,1.0,repeated,1,moss
192.0,22.073983339238314,3.0,0.049264772,-1.0,1.0,repeated,1,deny
193.0,22.522675237411548,3.0,0.028010655,1.0,1.0,repeated,1,gout
194.0,22.78600511536151,6.0,0.026047047,-1.0,1.0,repeated,1,pout
195.0,12.283244493619451,2.0,0.027791076,-1.0,1.0,repeated,1,alto
196.0,21.092068166019494,0.0,0.044700419,1.0,1.0,repeated,1,jazz
197.0,21.958745033765275,8.0,0.04449344,1.0,1.0,repeated,1,porn
198.0,15.011039041291733,15.0,0.036741599,-1.0,1.0,repeated,1,dine
199.0,30.30939777595936,10.0,0.030499811,1.0,1.0,repeated,1,dart
200.0,23.091300308137743,3.0,0.012580767,-1.0,1.0,repeated,1,boxy
201.0,14.261824434953258,8.0,0.026842569,-1.0,1.0,repeated,1,bony
202.0,33.0956651873761,4.0,0.030341427,1.0,1.0,repeated,1,moan
203.0,21.456548922416786,2.0,0.036036068,1.0,1.0,repeated,1,bulb
204.0,13.454698567962172,2.0,0.046685625,-1.0,1.0,repeated,1,diet
205.0,21.954230810457137,13.0,0.044045284,1.0,1.0,repeated,1,lick
206.0,22.945565317372626,15.0,0.026047047,1.0,1.0,repeated,1,soot
207.0,13.968214534681493,9.0,0.050645237,-1.0,1.0,repeated,1,hire
208.0,22.6013532220393,4.0,0.00979284,-1.0,1.0,repeated,1,laud
209.0,22.523490139253703,4.0,0.051881716,-1.0,1.0,repeated,1,gosh
210.0,41.26168149697719,7.0,0.031252137,1.0,1.0,repeated,1,snot
211.0,13.325393436557096,7.0,0.044928997,-1.0,1.0,repeated,1,tend
212.0,23.32782574801586,11.0,0.028932165,-1.0,1.0,repeated,1,toot
213.0,20.44426530255138,0.0,0.017175717,1.0,1.0,repeated,1,onyx
214.0,20.947550818047457,0.0,0.045620129,1.0,1.0,repeated,1,exam
215.0,22.31214454559132,8.0,0.044990191,1.0,1.0,repeated,1,tire
216.0,21.933420459825182,11.0,0.032808985,1.0,1.0,repeated,1,dunk
217.0,24.85901638668013,4.0,0.04500279,1.0,1.0,repeated,1,toss
218.0,16.23469410747936,6.0,0.0214251,-1.0,1.0,repeated,1,balm
219.0,22.136060010664487,1.0,0.068576879,-1.0,1.0,repeated,1,each
220.0,21.57031866300011,7.0,0.044662623,1.0,1.0,repeated,1,slim
221.0,21.186968186702796,2.0,0.02561689,1.0,1.0,repeated,1,opal
222.0,13.31870755288143,4.0,0.012580767,-1.0,1.0,repeated,1,volt
223.0,20.398618084942193,6.0,0.0428556,-1.0,1.0,repeated,1,scan
224.0,18.560687045876595,8.0,0.032004464,-1.0,1.0,repeated,1,cant
225.0,25.294436663614505,5.0,0.023219524,1.0,1.0,repeated,1,sift
226.0,21.951211097605988,11.0,0.042774608,1.0,1.0,repeated,1,deed
227.0,25.30176051716274,4.0,0.017998236,-1.0,1.0,repeated,1,prim
228.0,30.217638395674715,10.0,0.054673242,-1.0,1.0,repeated,1,form
229.0,12.589032477496989,1.0,0.045643527,-1.0,1.0,repeated,1,blah
230.0,27.525160599008764,6.0,0.031464516,1.0,1.0,repeated,1,skid
231.0,21.403318626956263,4.0,0.036378035,1.0,1.0,repeated,1,curb
232.0,31.060339119370404,8.0,0.029216537,1.0,1.0,repeated,1,lark
233.0,30.96027348395599,2.0,0.02561689,-1.0,1.0,repeated,1,atop
234.0,13.513197334809584,13.0,0.032629002,-1.0,1.0,repeated,1,rave
235.0,23.761401625714537,7.0,0.036671406,-1.0,1.0,repeated,1,lure
236.0,21.48959407452047,3.0,0.050341067,1.0,1.0,repeated,1,path
237.0,21.48809754699095,3.0,0.017998236,1.0,1.0,repeated,1,kiln
238.0,12.087597581265928,3.0,0.035996472,-1.0,1.0,repeated,1,whiz
239.0,27.650949616259105,8.0,0.045810911,1.0,1.0,repeated,1,flow
240.0,13.99959740210229,4.0,0.026320621,-1.0,1.0,repeated,1,dual
241.0,21.637284530316105,4.0,0.022593186,1.0,1.0,repeated,1,burr
242.0,30.469342801066308,4.0,0.039192959,1.0,1.0,repeated,1,glue
243.0,22.710902331200508,12.0,0.029754684,1.0,1.0,repeated,1,sage
244.0,14.25143499891384,10.0,0.052230881,-1.0,1.0,repeated,1,bond
245.0,22.322006236111186,13.0,0.038654812,1.0,1.0,repeated,1,slot
246.0,19.565404867377925,5.0,0.046804413,-1.0,1.0,repeated,1,tune
247.0,23.191205032833953,11.0,0.033208546,-1.0,1.0,repeated,1,tame
248.0,12.93476784214576,1.0,0.046073685,-1.0,1.0,repeated,1,debt
249.0,13.700474726712745,9.0,0.033429924,-1.0,1.0,repeated,1,stat
250.0,26.741637075266386,5.0,0.040951387,1.0,1.0,repeated,1,monk
251.0,18.330466553706756,4.0,0.012580767,-1.0,1.0,repeated,1,fiat
252.0,30.474712357439934,2.0,0.030012059,1.0,1.0,repeated,1,logo
253.0,25.55278202875356,8.0,0.040890193,1.0,1.0,repeated,1,melt
254.0,22.256888022741812,6.0,0.020903151,1.0,1.0,repeated,1,kale
255.0,22.667534129700236,6.0,0.045800112,-1.0,1.0,repeated,1,gain
256.0,22.421734637325955,4.0,0.023797268,-1.0,1.0,repeated,1,drab
257.0,12.048326326532937,0.0,0.057668149,-1.0,1.0,repeated,1,upon
258.0,13.473286673156997,9.0,0.024162632,-1.0,1.0,repeated,1,plop
259.0,29.333043881422952,8.0,0.041136769,1.0,1.0,repeated,1,bass
260.0,24.94617888602404,2.0,0.027791076,1.0,1.0,repeated,1,twig
261.0,23.078857854515302,13.0,0.042195065,-1.0,1.0,repeated,1,fame
262.0,24.720939837355825,7.0,0.021671676,1.0,1.0,repeated,1,kilt
263.0,22.054612360203446,4.0,0.042387646,1.0,1.0,repeated,1,dial
264.0,21.59399284516723,5.0,0.047796116,1.0,1.0,repeated,1,jean
265.0,22.755212190411523,12.0,0.045481543,1.0,1.0,repeated,1,pile
266.0,21.379737877353392,5.0,0.025467504,1.0,1.0,repeated,1,yawn
267.0,12.87618989127834,2.0,0.02744911,-1.0,1.0,repeated,1,feud
268.0,13.756823922846625,11.0,0.028331024,-1.0,1.0,repeated,1,rite
269.0,33.08957003878368,7.0,0.028636994,1.0,1.0,repeated,1,haze
270.0,32.61780316150778,7.0,0.048379259,-1.0,1.0,repeated,1,ease
271.0,21.98680506577947,4.0,0.050494052,-1.0,1.0,repeated,1,drew
272.0,22.24743682513207,6.0,0.030260434,1.0,1.0,repeated,1,lobe
273.0,14.152676772191352,7.0,0.0357193,-1.0,1.0,repeated,1,pact
274.0,22.21227748135214,3.0,0.043112975,1.0,1.0,repeated,1,bait
275.0,22.73953374743279,12.0,0.05009989,-1.0,1.0,repeated,1,wide
276.0,22.155102816847,3.0,0.010836738,-1.0,1.0,repeated,1,yelp
277.0,24.31645930641806,14.0,0.045823509,1.0,1.0,repeated,1,dame
278.0,20.670191009731248,0.0,0.010836738,1.0,1.0,repeated,1,ovum
279.0,12.993595081110792,3.0,0.05989813,-1.0,1.0,repeated,1,join
280.0,21.84178663002127,7.0,0.032924173,1.0,1.0,repeated,1,harp
281.0,22.245146542994743,6.0,0.005419269,-1.0,1.0,repeated,1,jeer
282.0,16.631373627915185,1.0,0.037088965,-1.0,1.0,repeated,1,trek
283.0,21.344235020877644,0.0,0.029927467,1.0,1.0,repeated,1,hobo
284.0,14.167152108663695,12.0,0.037357139,-1.0,1.0,repeated,1,sunk
285.0,25.25381896826739,9.0,0.043732114,1.0,1.0,repeated,1,pork
286.0,29.451593519111686,1.0,0.039597919,1.0,1.0,repeated,1,crib
287.0,24.301823616484807,5.0,0.017175717,-1.0,1.0,repeated,1,sown
288.0,27.891945131815554,10.0,0.045722719,1.0,1.0,repeated,1,barn
289.0,21.783210437255498,4.0,0.037454329,1.0,1.0,repeated,1,yank
290.0,12.577423293913235,0.0,0.036190853,-1.0,1.0,repeated,1,jinx
291.0,27.82597616566366,5.0,0.018743363,-1.0,1.0,repeated,1,wisp
292.0,21.753941160473765,3.0,0.025467504,1.0,1.0,repeated,1,perm
293.0,14.801219272666987,8.0,0.032508414,-1.0,1.0,repeated,1,poll
294.0,14.797630530249009,14.0,0.056699843,-1.0,1.0,repeated,1,dare
295.0,22.303346152365624,9.0,0.033590108,1.0,1.0,repeated,1,cork
296.0,27.615866088088875,1.0,0.042034881,1.0,1.0,repeated,1,drum
297.0,22.216875973437624,6.0,0.041376145,1.0,1.0,repeated,1,soil
298.0,27.774975823931765,12.0,0.03132413,1.0,1.0,repeated,1,lice
299.0,26.695705451551504,4.0,0.021167726,-1.0,1.0,repeated,1,blab
300.0,13.668600006492152,10.0,0.036986375,-1.0,1.0,repeated,1,vile
301.0,13.232852731409878,2.0,0.046041288,-1.0,1.0,repeated,1,self
302.0,21.43459100550875,0.0,0.028834974,1.0,1.0,repeated,1,quad
303.0,13.395707470099543,7.0,0.015210309,-1.0,1.0,repeated,1,wean
304.0,22.021090097697165,10.0,0.025762675,1.0,1.0,repeated,1,mead
305.0,21.167245330857842,1.0,0.012580767,-1.0,1.0,repeated,1,ashy
306.0,34.19203514835489,4.0,0.05092241,1.0,1.0,repeated,1,drag
307.0,23.49345455607346,10.0,0.016727561,-1.0,1.0,repeated,1,rend
308.0,12.377697882427244,2.0,0.055420169,-1.0,1.0,repeated,1,plus
309.0,26.535833062970728,4.0,0.02744911,1.0,1.0,repeated,1,duet
310.0,21.949114762507506,15.0,0.042952791,1.0,1.0,repeated,1,mill
311.0,16.678189234097616,6.0,0.036917982,-1.0,1.0,repeated,1,fled
312.0,13.193625216427979,1.0,0.023016144,-1.0,1.0,repeated,1,gory
313.0,22.50697429405397,9.0,0.03652562,-1.0,1.0,repeated,1,ripe
314.0,21.828092052295382,3.0,0.027791076,1.0,1.0,repeated,1,hurl
315.0,21.789343374181247,8.0,0.00979284,1.0,1.0,repeated,1,spay
316.0,22.27561906050314,12.0,0.045051385,1.0,1.0,repeated,1,slap
317.0,21.517962931394756,3.0,0.044059682,1.0,1.0,repeated,1,shed
318.0,12.946398972837935,0.0,0.053141592,-1.0,1.0,repeated,1,liar
319.0,18.566166633128383,13.0,0.035636508,-1.0,1.0,repeated,1,lent
320.0,11.617586351144016,0.0,0.040393441,-1.0,1.0,repeated,1,echo
321.0,19.38654599640426,13.0,0.017175717,-1.0,1.0,repeated,1,rile
322.0,22.07152131642407,5.0,0.028224834,1.0,1.0,repeated,1,wasp
323.0,28.139095408924042,4.0,0.018743363,-1.0,1.0,repeated,1,doer
324.0,20.909450354837304,12.0,0.046095283,-1.0,1.0,repeated,1,ward
325.0,25.405600004169298,5.0,0.045186372,1.0,1.0,repeated,1,chin
326.0,22.804646944621318,12.0,0.030656396,1.0,1.0,repeated,1,dome
327.0,26.264442868706123,10.0,0.039887691,1.0,1.0,repeated,1,fart
328.0,13.253779513293143,7.0,0.054669642,-1.0,1.0,repeated,1,main
329.0,22.05408423653035,2.0,0.044803009,-1.0,1.0,repeated,1,july
330.0,21.626972928053778,6.0,0.020345206,1.0,1.0,repeated,1,leer
331.0,25.792141604416628,10.0,0.046244668,1.0,1.0,repeated,1,port
332.0,20.221918652445613,3.0,0.025161534,-1.0,1.0,repeated,1,racy
333.0,21.36478396102879,2.0,0.030656396,1.0,1.0,repeated,1,hula
334.0,33.374038342526084,3.0,0.042558629,1.0,1.0,repeated,1,chew
335.0,20.47385925891468,10.0,0.023797268,-1.0,1.0,repeated,1,toke
336.0,13.694168416422034,10.0,0.060432678,-1.0,1.0,repeated,1,fool
337.0,30.609086126414883,4.0,0.017175717,1.0,1.0,repeated,1,hemp
338.0,31.040069264340055,12.0,0.038764601,1.0,1.0,repeated,1,dove
339.0,14.40095184982631,11.0,0.026047047,-1.0,1.0,repeated,1,gore
340.0,22.513529409474103,3.0,0.023797268,-1.0,1.0,repeated,1,coax
341.0,22.490015049230614,3.0,0.065799752,-1.0,1.0,repeated,1,free
342.0,21.503328747777147,9.0,0.026586994,1.0,1.0,repeated,1,spam
343.0,21.41332676653745,1.0,0.043298357,1.0,1.0,repeated,1,menu
344.0,12.085765761964527,0.0,0.058870431,-1.0,1.0,repeated,1,evil
345.0,21.343076116915093,0.0,0.028834974,1.0,1.0,repeated,1,luau
346.0,21.83634576410841,8.0,0.040281852,1.0,1.0,repeated,1,loop
347.0,12.34518071545362,1.0,0.019423696,-1.0,1.0,repeated,1,ajar
348.0,21.87509626840401,3.0,0.045515739,1.0,1.0,repeated,1,palm
349.0,19.920166683917095,6.0,0.042675618,-1.0,1.0,repeated,1,hint
350.0,19.589038612353217,11.0,0.030733788,-1.0,1.0,repeated,1,gall
351.0,40.626880560825924,8.0,0.018379799,1.0,1.0,repeated,1,vise
352.0,30.75435684436789,7.0,0.033320135,1.0,1.0,repeated,1,woof
353.0,14.10299886914051,13.0,0.047805115,-1.0,1.0,repeated,1,lack
354.0,22.46233126220009,2.0,0.038255251,-1.0,1.0,repeated,1,heir
355.0,14.797036786713003,7.0,0.028118644,-1.0,1.0,repeated,1,perk
356.0,29.124337662108314,3.0,0.043658321,1.0,1.0,repeated,1,twin
357.0,21.549601852208262,2.0,0.023417505,1.0,1.0,repeated,1,purr
358.0,25.96928297788289,16.0,0.041907093,1.0,1.0,repeated,1,cane
359.0,22.058309129622128,1.0,0.008588758,-1.0,1.0,repeated,1,bios
360.0,21.50193040299867,7.0,0.044752614,1.0,1.0,repeated,1,clay
361.0,36.223198156709195,5.0,0.052416263,1.0,1.0,repeated,1,soft
362.0,13.755483985841161,10.0,0.020903151,-1.0,1.0,repeated,1,bide
363.0,12.801331676350973,3.0,0.040699411,-1.0,1.0,repeated,1,fuss
364.0,13.785354161014302,13.0,0.044306258,-1.0,1.0,repeated,1,heal
365.0,21.280391487517807,1.0,0.012580767,1.0,1.0,repeated,1,cyan
366.0,22.05810882809593,14.0,0.029841076,1.0,1.0,repeated,1,dill
367.0,22.690171212830496,4.0,0.008588758,-1.0,1.0,repeated,1,rasp
368.0,38.00483556603052,5.0,0.036113461,1.0,1.0,repeated,1,mutt
369.0,21.588584166903097,9.0,0.032569608,1.0,1.0,repeated,1,wick
370.0,21.73370544084182,3.0,0.023797268,-1.0,1.0,repeated,1,clog
371.0,22.10745119978474,11.0,0.045328558,1.0,1.0,repeated,1,sack
372.0,21.796606397732223,4.0,0.030656396,1.0,1.0,repeated,1,barf
373.0,14.470747324099378,11.0,0.049061392,-1.0,1.0,repeated,1,cure
374.0,13.352744126258084,11.0,0.032924173,-1.0,1.0,repeated,1,peed
375.0,12.42616046668181,1.0,0.065213009,-1.0,1.0,repeated,1,news
376.0,22.618787249265353,13.0,0.029216537,1.0,1.0,repeated,1,mast
377.0,30.441003633864955,4.0,0.020629578,1.0,1.0,repeated,1,tyke
378.0,29.191046646578116,6.0,0.038710606,1.0,1.0,repeated,1,grid
379.0,13.477006131594816,5.0,0.048379259,-1.0,1.0,repeated,1,bout
380.0,26.375798229786035,3.0,0.040634618,1.0,1.0,repeated,1,haul
381.0,22.64973799227754,16.0,0.045027987,-1.0,1.0,repeated,1,rear
382.0,14.83492849573382,2.0,0.025906661,-1.0,1.0,repeated,1,verb
383.0,18.960227912037926,9.0,0.031806483,-1.0,1.0,repeated,1,goon
384.0,21.65833041859876,6.0,0.037709904,1.0,1.0,repeated,1,crop
385.0,27.059623564017386,5.0,0.02214683,1.0,1.0,repeated,1,blog
386.0,31.869279459920136,6.0,0.034301038,-1.0,1.0,repeated,1,frat
387.0,28.720126961392356,1.0,0.044990191,1.0,1.0,repeated,1,inch
388.0,13.733254519112773,11.0,0.050591242,-1.0,1.0,repeated,1,warn
389.0,11.801739979707822,0.0,0.027902666,-1.0,1.0,repeated,1,aqua
390.0,29.8101745122556,2.0,0.06653228,-1.0,1.0,repeated,1,high
391.0,22.261634885431,7.0,0.023417505,1.0,1.0,repeated,1,carp
392.0,25.6514020370302,5.0,0.042177067,1.0,1.0,repeated,1,pimp
393.0,13.091730992538748,5.0,0.046674826,-1.0,1.0,repeated,1,earn
394.0,22.42578662362614,6.0,0.012580767,1.0,1.0,repeated,1,posy
395.0,30.34703553506164,3.0,0.027090945,1.0,1.0,repeated,1,kelp
396.0,21.98826226408307,9.0,0.046073685,1.0,1.0,repeated,1,corn
397.0,18.66130092078601,2.0,0.013325894,-1.0,1.0,repeated,1,heft
398.0,17.31432525567218,7.0,0.037614514,-1.0,1.0,repeated,1,mild
399.0,13.737357576270814,10.0,0.035798492,-1.0,1.0,repeated,1,slit
400.0,28.95461241007352,10.0,0.045161174,1.0,1.0,repeated,1,pump
401.0,30.415093541581676,4.0,0.050542647,1.0,1.0,repeated,1,soup
402.0,23.25650754426477,7.0,0.025467504,-1.0,1.0,repeated,1,toil
403.0,23.436485187048163,7.0,0.008588758,1.0,1.0,repeated,1,cowl
404.0,13.46043877365027,10.0,0.044713018,-1.0,1.0,repeated,1,link
405.0,21.65229585874581,3.0,0.025316319,1.0,1.0,repeated,1,gulp
406.0,11.854583638716857,0.0,0.042968989,-1.0,1.0,repeated,1,envy
407.0,13.408328480597536,4.0,0.024841166,-1.0,1.0,repeated,1,sass
408.0,36.78241485381378,2.0,0.024677382,1.0,1.0,repeated,1,acne
409.0,12.918355147402224,3.0,0.025906661,-1.0,1.0,repeated,1,cuss
410.0,13.449592451966435,8.0,0.044318857,-1.0,1.0,repeated,1,slut
411.0,26.31084230759468,3.0,0.036705603,1.0,1.0,repeated,1,turf
412.0,30.366509227344153,9.0,0.025316319,1.0,1.0,repeated,1,hive
413.0,22.852014388103445,6.0,0.026047047,-1.0,1.0,repeated,1,rift
414.0,16.46904187882994,5.0,0.063308796,-1.0,1.0,repeated,1,poor
415.0,24.528509834283504,12.0,0.03816706,1.0,1.0,repeated,1,hunk
416.0,26.49818431278259,13.0,0.019742265,1.0,1.0,repeated,1,pane
417.0,22.477669820385938,12.0,0.03837224,1.0,1.0,repeated,1,dose
418.0,13.134431320632942,1.0,0.023016144,-1.0,1.0,repeated,1,mono
419.0,30.96698303610363,4.0,0.025161534,1.0,1.0,repeated,1,stub
420.0,13.41058308202725,7.0,0.031394323,-1.0,1.0,repeated,1,poof
421.0,14.120673534800542,11.0,0.043390148,-1.0,1.0,repeated,1,worn
422.0,25.939898725190716,3.0,0.043643923,1.0,1.0,repeated,1,plug
423.0,12.983786754155593,1.0,0.066480085,-1.0,1.0,repeated,1,john
424.0,21.44655764559971,4.0,0.007163298,1.0,1.0,repeated,1,jowl
425.0,29.158445154910783,1.0,0.046674826,1.0,1.0,repeated,1,lion
426.0,21.97809680065184,7.0,0.046694624,-1.0,1.0,repeated,1,flew
427.0,15.287694147400885,1.0,0.037740501,-1.0,1.0,repeated,1,numb
428.0,30.57792056394525,6.0,0.029027555,1.0,1.0,repeated,1,yarn
429.0,22.00384880993053,7.0,0.039270352,1.0,1.0,repeated,1,peak
430.0,26.426044924905558,6.0,0.019742265,-1.0,1.0,repeated,1,slur
431.0,12.80010033767471,5.0,0.026047047,-1.0,1.0,repeated,1,veer
432.0,25.72049716791674,2.0,0.037834092,1.0,1.0,repeated,1,quiz
433.0,12.481252779208397,0.0,0.017175717,-1.0,1.0,repeated,1,zips
434.0,13.195073122164384,1.0,0.067378197,-1.0,1.0,repeated,1,goes
435.0,21.601206357346918,2.0,0.027211533,1.0,1.0,repeated,1,germ
436.0,38.85593941832276,8.0,0.047185976,-1.0,1.0,repeated,1,math
437.0,24.25322870509221,11.0,0.023610086,1.0,1.0,repeated,1,bile
438.0,13.93211717965371,9.0,0.005419269,-1.0,1.0,repeated,1,gape
439.0,21.640332480268267,11.0,0.039981282,1.0,1.0,repeated,1,beep
440.0,14.101146706568125,14.0,0.050458055,-1.0,1.0,repeated,1,rate
441.0,22.158905688043106,4.0,0.043237163,-1.0,1.0,repeated,1,oath
442.0,21.43853645045419,7.0,0.029027555,1.0,1.0,repeated,1,stag
443.0,21.57758299300171,4.0,0.041626321,1.0,1.0,repeated,1,tray
444.0,28.921567327091587,11.0,0.040051475,1.0,1.0,repeated,1,mice
445.0,21.578288017366308,4.0,0.027677688,1.0,1.0,repeated,1,newt
446.0,27.04868596981452,8.0,0.020629578,-1.0,1.0,repeated,1,musk
447.0,12.239758197133568,2.0,0.019742265,-1.0,1.0,repeated,1,dyer
448.0,22.587694870464812,2.0,0.012580767,-1.0,1.0,repeated,1,serf
449.0,21.350978317480916,3.0,0.02500315,1.0,1.0,repeated,1,gimp
450.0,20.665066472535745,0.0,0.038485628,1.0,1.0,repeated,1,ammo
451.0,25.272536299763644,9.0,0.040415039,1.0,1.0,repeated,1,bolt
452.0,21.251262420323577,3.0,0.041217761,-1.0,1.0,repeated,1,unto
453.0,22.417241894378712,10.0,0.023016144,1.0,1.0,repeated,1,punt
454.0,23.483094664692615,11.0,0.014006227,-1.0,1.0,repeated,1,dote
455.0,23.20562006787708,9.0,0.03816706,-1.0,1.0,repeated,1,mode
456.0,21.958222678014074,12.0,0.02500315,1.0,1.0,repeated,1,pail
457.0,20.938665463302407,3.0,0.019090729,1.0,1.0,repeated,1,oxen
458.0,22.266073247064863,13.0,0.036599413,1.0,1.0,repeated,1,hull
459.0,22.43233469246683,9.0,0.041196163,-1.0,1.0,repeated,1,hush
460.0,24.03142648075139,11.0,0.005419269,-1.0,1.0,repeated,1,balk
461.0,21.866677973639874,3.0,0.037054769,1.0,1.0,repeated,1,loaf
462.0,23.124932967087453,5.0,0.053236983,-1.0,1.0,repeated,1,babe
463.0,13.67246574664841,3.0,0.023797268,-1.0,1.0,repeated,1,blip
464.0,26.498240494407998,13.0,0.040371844,1.0,1.0,repeated,1,bean
465.0,21.950209821036363,5.0,0.049149583,1.0,1.0,repeated,1,horn
466.0,20.802839908782992,0.0,0.026185634,1.0,1.0,repeated,1,anus
467.0,30.32328067783604,13.0,0.029580101,1.0,1.0,repeated,1,gill
468.0,31.7184688487087,4.0,0.027564299,-1.0,1.0,repeated,1,twat
469.0,14.633805269934822,12.0,0.040326848,-1.0,1.0,repeated,1,pose
470.0,13.16889955031002,2.0,0.048883209,-1.0,1.0,repeated,1,josh
471.0,13.67476902975711,8.0,0.032629002,-1.0,1.0,repeated,1,gaze
472.0,18.49587716532173,4.0,0.028636994,-1.0,1.0,repeated,1,cram
473.0,18.60748015618759,10.0,0.032866579,-1.0,1.0,repeated,1,mend
474.0,24.598231970017213,1.0,0.017998236,1.0,1.0,repeated,1,wren
475.0,25.263760841025487,8.0,0.026842569,1.0,1.0,repeated,1,dusk
476.0,12.976227064701135,0.0,0.036378035,-1.0,1.0,repeated,1,void
477.0,22.068990334365,12.0,0.03969511,1.0,1.0,repeated,1,bunk
478.0,27.124456852176422,8.0,0.047967099,-1.0,1.0,repeated,1,noon
479.0,21.12404044072108,1.0,0.041257357,1.0,1.0,repeated,1,auto
480.0,29.64451356759331,10.0,0.040569824,1.0,1.0,repeated,1,cord
481.0,13.812124864569963,10.0,0.031252137,-1.0,1.0,repeated,1,boon
482.0,13.658213764545739,10.0,0.038654812,-1.0,1.0,repeated,1,warp
483.0,21.81161934883415,9.0,0.032981768,1.0,1.0,repeated,1,flap
484.0,25.084938713381852,3.0,0.047745721,-1.0,1.0,repeated,1,clue
485.0,13.9712560554643,2.0,0.0214251,-1.0,1.0,repeated,1,coed
486.0,21.157019490013113,0.0,0.022593186,1.0,1.0,repeated,1,czar
487.0,28.96669823577551,1.0,0.039218157,1.0,1.0,repeated,1,stir
488.0,20.9476760577356,0.0,0.036705603,1.0,1.0,repeated,1,iced
489.0,21.561276878847373,7.0,0.03193787,1.0,1.0,repeated,1,flop
490.0,12.077428772562497,1.0,0.016254207,-1.0,1.0,repeated,1,crux
491.0,13.861971550241222,7.0,0.02500315,-1.0,1.0,repeated,1,blot
492.0,30.397103554491686,1.0,0.026047047,1.0,1.0,repeated,1,smog
493.0,21.80440571490903,8.0,0.04000468,1.0,1.0,repeated,1,hike
494.0,16.050581130964325,1.0,0.041257357,-1.0,1.0,repeated,1,ahem
495.0,13.27695685126129,6.0,0.052358669,-1.0,1.0,repeated,1,harm
496.0,19.090250673799595,11.0,0.038764601,-1.0,1.0,repeated,1,lust
497.0,23.44456799726706,17.0,0.019742265,1.0,1.0,repeated,1,pore
498.0,12.886675746522922,1.0,0.023610086,-1.0,1.0,repeated,1,saga
499.0,29.82757880100919,10.0,0.037258149,1.0,1.0,repeated,1,pike
500.0,27.677446870600342,7.0,0.028010655,-1.0,1.0,repeated,1,rung
501.0,21.664457817234712,2.0,0.051008801,1.0,1.0,repeated,1,tied
502.0,13.21794850972043,2.0,0.058316085,-1.0,1.0,repeated,1,holy
503.0,32.66180008087081,5.0,0.028224834,1.0,1.0,repeated,1,spur
504.0,13.318171595514775,3.0,0.017598675,-1.0,1.0,repeated,1,wiry
505.0,23.157172656768942,5.0,0.058379079,-1.0,1.0,repeated,1,tony
506.0,14.473826834948108,9.0,0.044964993,-1.0,1.0,repeated,1,fond
507.0,15.054107735970874,10.0,0.019742265,-1.0,1.0,repeated,1,mull
508.0,21.625680091314106,6.0,0.040460035,1.0,1.0,repeated,1,geek
509.0,20.891430691303277,0.0,0.023610086,1.0,1.0,repeated,1,kiwi
510.0,35.17539366805009,4.0,0.047205774,1.0,1.0,repeated,1,tube
511.0,21.692055022035316,8.0,0.02744911,1.0,1.0,repeated,1,tush
