WordInds,LexSemErr,ONsize,Frequency,Concreteness,ItemCrossedThreshold,SemanticRelatedness_name,SemanticRelatedness_code,Word
459.0,287.40550552112506,9.0,0.041196163,-1.0,1.0,semunrelated,-1,hush
444.0,322.88214107268607,11.0,0.040051475,1.0,1.0,semunrelated,-1,mice
382.0,238.08775026724584,2.0,0.025906661,-1.0,1.0,semunrelated,-1,verb
333.0,255.23689510646582,2.0,0.030656396,1.0,1.0,semunrelated,-1,hula
445.0,251.31882944297368,4.0,0.027677688,1.0,1.0,semunrelated,-1,newt
337.0,301.6683435872092,4.0,0.017175717,1.0,1.0,semunrelated,-1,hemp
257.0,169.29247048527512,0.0,0.057668149,-1.0,1.0,semunrelated,-1,upon
311.0,271.3030229001184,6.0,0.036917982,-1.0,1.0,semunrelated,-1,fled
407.0,272.3141656452922,4.0,0.024841166,-1.0,1.0,semunrelated,-1,sass
403.0,305.63316062486655,7.0,0.008588758,1.0,1.0,semunrelated,-1,cowl
347.0,176.1887008571287,1.0,0.019423696,-1.0,1.0,semunrelated,-1,ajar
428.0,256.94583269802496,6.0,0.029027555,1.0,1.0,semunrelated,-1,yarn
480.0,331.687432034285,10.0,0.040569824,1.0,1.0,semunrelated,-1,cord
412.0,290.063057368207,9.0,0.025316319,1.0,1.0,semunrelated,-1,hive
323.0,267.46773871834137,4.0,0.018743363,-1.0,1.0,semunrelated,-1,doer
394.0,303.46585820796605,6.0,0.012580767,1.0,1.0,semunrelated,-1,posy
410.0,297.9580010595095,8.0,0.044318857,-1.0,1.0,semunrelated,-1,slut
277.0,336.90872497408304,14.0,0.045823509,1.0,1.0,semunrelated,-1,dame
411.0,265.88118316467387,3.0,0.036705603,1.0,1.0,semunrelated,-1,turf
313.0,286.06678287739743,9.0,0.03652562,-1.0,1.0,semunrelated,-1,ripe
275.0,267.24042903021075,12.0,0.05009989,-1.0,1.0,semunrelated,-1,wide
307.0,257.36444461535865,10.0,0.016727561,-1.0,1.0,semunrelated,-1,rend
406.0,199.43020728729465,0.0,0.042968989,-1.0,1.0,semunrelated,-1,envy
386.0,271.8266316135731,6.0,0.034301038,-1.0,1.0,semunrelated,-1,frat
279.0,226.07056272462992,3.0,0.05989813,-1.0,1.0,semunrelated,-1,join
447.0,226.04591675207516,2.0,0.019742265,-1.0,1.0,semunrelated,-1,dyer
283.0,220.80623216169312,0.0,0.029927467,1.0,1.0,semunrelated,-1,hobo
481.0,308.8492118387478,10.0,0.031252137,-1.0,1.0,semunrelated,-1,boon
380.0,258.5038846769454,3.0,0.040634618,1.0,1.0,semunrelated,-1,haul
345.0,218.45860382049628,0.0,0.028834974,1.0,1.0,semunrelated,-1,luau
506.0,278.40619934687527,9.0,0.044964993,-1.0,1.0,semunrelated,-1,fond
509.0,189.0039734853434,0.0,0.023610086,1.0,1.0,semunrelated,-1,kiwi
280.0,304.74733002846284,7.0,0.032924173,1.0,1.0,semunrelated,-1,harp
468.0,247.46634166985177,4.0,0.027564299,-1.0,1.0,semunrelated,-1,twat
357.0,225.6789419053144,2.0,0.023417505,1.0,1.0,semunrelated,-1,purr
268.0,305.18657870570377,11.0,0.028331024,-1.0,1.0,semunrelated,-1,rite
397.0,254.1654710159117,2.0,0.013325894,-1.0,1.0,semunrelated,-1,heft
294.0,322.74845174216284,14.0,0.056699843,-1.0,1.0,semunrelated,-1,dare
429.0,304.6633123800002,7.0,0.039270352,1.0,1.0,semunrelated,-1,peak
319.0,308.31601618809793,13.0,0.035636508,-1.0,1.0,semunrelated,-1,lent
354.0,253.08315651808886,2.0,0.038255251,-1.0,1.0,semunrelated,-1,heir
373.0,319.1138976801793,11.0,0.049061392,-1.0,1.0,semunrelated,-1,cure
497.0,332.7028189196956,17.0,0.019742265,1.0,1.0,semunrelated,-1,pore
270.0,272.9162700846931,7.0,0.048379259,-1.0,1.0,semunrelated,-1,ease
379.0,253.61197373507107,5.0,0.048379259,-1.0,1.0,semunrelated,-1,bout
385.0,294.929786089062,5.0,0.02214683,1.0,1.0,semunrelated,-1,blog
415.0,249.01763822932577,12.0,0.03816706,1.0,1.0,semunrelated,-1,hunk
450.0,213.10874613954144,0.0,0.038485628,1.0,1.0,semunrelated,-1,ammo
287.0,291.49162322034243,5.0,0.017175717,-1.0,1.0,semunrelated,-1,sown
262.0,303.16409544695097,7.0,0.021671676,1.0,1.0,semunrelated,-1,kilt
477.0,192.2644157283898,12.0,0.03969511,1.0,1.0,semunrelated,-1,bunk
423.0,172.54858487682156,1.0,0.066480085,-1.0,1.0,semunrelated,-1,john
470.0,229.21826890636635,2.0,0.048883209,-1.0,1.0,semunrelated,-1,josh
350.0,136.73650262509003,11.0,0.030733788,-1.0,1.0,semunrelated,-1,gall
388.0,282.6187444073972,11.0,0.050591242,-1.0,1.0,semunrelated,-1,warn
399.0,258.2007254539118,10.0,0.035798492,-1.0,1.0,semunrelated,-1,slit
458.0,335.002662912758,13.0,0.036599413,1.0,1.0,semunrelated,-1,hull
284.0,318.87731052515903,12.0,0.037357139,-1.0,1.0,semunrelated,-1,sunk
362.0,286.4447541094208,10.0,0.020903151,-1.0,1.0,semunrelated,-1,bide
483.0,311.8582569043028,9.0,0.032981768,1.0,1.0,semunrelated,-1,flap
282.0,236.96409739762603,1.0,0.037088965,-1.0,1.0,semunrelated,-1,trek
489.0,315.899157987874,7.0,0.03193787,1.0,1.0,semunrelated,-1,flop
404.0,258.85348523034946,10.0,0.044713018,-1.0,1.0,semunrelated,-1,link
395.0,264.25003505563984,3.0,0.027090945,1.0,1.0,semunrelated,-1,kelp
378.0,152.03249432822284,6.0,0.038710606,1.0,1.0,semunrelated,-1,grid
503.0,303.8529369482165,5.0,0.028224834,1.0,1.0,semunrelated,-1,spur
312.0,196.7201458704754,1.0,0.023016144,-1.0,1.0,semunrelated,-1,gory
500.0,286.41998840635017,7.0,0.028010655,-1.0,1.0,semunrelated,-1,rung
328.0,283.8141048158074,7.0,0.054669642,-1.0,1.0,semunrelated,-1,main
366.0,325.59235807342594,14.0,0.029841076,1.0,1.0,semunrelated,-1,dill
265.0,323.5857849167184,12.0,0.045481543,1.0,1.0,semunrelated,-1,pile
335.0,295.17738843946273,10.0,0.023797268,-1.0,1.0,semunrelated,-1,toke
381.0,306.17868977032975,16.0,0.045027987,-1.0,1.0,semunrelated,-1,rear
449.0,243.7540383340675,3.0,0.02500315,1.0,1.0,semunrelated,-1,gimp
387.0,226.33248000139002,1.0,0.044990191,1.0,1.0,semunrelated,-1,inch
389.0,166.3665770391977,0.0,0.027902666,-1.0,1.0,semunrelated,-1,aqua
419.0,289.9583851458254,4.0,0.025161534,1.0,1.0,semunrelated,-1,stub
320.0,165.04899753631466,0.0,0.040393441,-1.0,1.0,semunrelated,-1,echo
384.0,306.9385152392607,6.0,0.037709904,1.0,1.0,semunrelated,-1,crop
511.0,309.5811263585403,8.0,0.02744911,1.0,1.0,semunrelated,-1,tush
264.0,258.4925450877303,5.0,0.047796116,1.0,1.0,semunrelated,-1,jean
346.0,299.0883631824267,8.0,0.040281852,1.0,1.0,semunrelated,-1,loop
327.0,277.7768287984179,10.0,0.039887691,1.0,1.0,semunrelated,-1,fart
261.0,285.9176566985257,13.0,0.042195065,-1.0,1.0,semunrelated,-1,fame
488.0,217.48407656885192,0.0,0.036705603,1.0,1.0,semunrelated,-1,iced
436.0,302.06836088646645,8.0,0.047185976,-1.0,1.0,semunrelated,-1,math
299.0,298.42597924194934,4.0,0.021167726,-1.0,1.0,semunrelated,-1,blab
365.0,242.63783375005445,1.0,0.012580767,1.0,1.0,semunrelated,-1,cyan
469.0,241.4649330073477,12.0,0.040326848,-1.0,1.0,semunrelated,-1,pose
473.0,311.40709497881284,10.0,0.032866579,-1.0,1.0,semunrelated,-1,mend
285.0,318.3868951975574,9.0,0.043732114,1.0,1.0,semunrelated,-1,pork
342.0,299.9830295675003,9.0,0.026586994,1.0,1.0,semunrelated,-1,spam
322.0,310.2216740019107,5.0,0.028224834,1.0,1.0,semunrelated,-1,wasp
408.0,262.8261210992589,2.0,0.024677382,1.0,1.0,semunrelated,-1,acne
308.0,235.1492673612891,2.0,0.055420169,-1.0,1.0,semunrelated,-1,plus
332.0,252.91982560716124,3.0,0.025161534,-1.0,1.0,semunrelated,-1,racy
496.0,249.91350211168628,11.0,0.038764601,-1.0,1.0,semunrelated,-1,lust
329.0,239.19218819895468,2.0,0.044803009,-1.0,1.0,semunrelated,-1,july
291.0,286.35437180974793,5.0,0.018743363,-1.0,1.0,semunrelated,-1,wisp
494.0,237.87643031222836,1.0,0.041257357,-1.0,1.0,semunrelated,-1,ahem
339.0,299.7761753644355,11.0,0.026047047,-1.0,1.0,semunrelated,-1,gore
451.0,324.88864744632303,9.0,0.040415039,1.0,1.0,semunrelated,-1,bolt
413.0,274.1655768219048,6.0,0.026047047,-1.0,1.0,semunrelated,-1,rift
310.0,334.33568347707774,15.0,0.042952791,1.0,1.0,semunrelated,-1,mill
440.0,236.76466454831387,14.0,0.050458055,-1.0,1.0,semunrelated,-1,rate
491.0,299.5026475245773,7.0,0.02500315,-1.0,1.0,semunrelated,-1,blot
341.0,238.0021098542718,3.0,0.065799752,-1.0,1.0,semunrelated,-1,free
351.0,175.40683422168698,8.0,0.018379799,1.0,1.0,semunrelated,-1,vise
460.0,296.0739692740278,11.0,0.005419269,-1.0,1.0,semunrelated,-1,balk
368.0,305.8677443890134,5.0,0.036113461,1.0,1.0,semunrelated,-1,mutt
260.0,246.31931492180735,2.0,0.027791076,1.0,1.0,semunrelated,-1,twig
424.0,291.8495683066254,4.0,0.007163298,1.0,1.0,semunrelated,-1,jowl
301.0,221.19620333130916,2.0,0.046041288,-1.0,1.0,semunrelated,-1,self
278.0,231.15033696149573,0.0,0.010836738,1.0,1.0,semunrelated,-1,ovum
417.0,327.8813025488113,12.0,0.03837224,1.0,1.0,semunrelated,-1,dose
482.0,299.31840091426795,10.0,0.038654812,-1.0,1.0,semunrelated,-1,warp
259.0,307.88782584235986,8.0,0.041136769,1.0,1.0,semunrelated,-1,bass
256.0,257.7706577078905,4.0,0.023797268,-1.0,1.0,semunrelated,-1,drab
302.0,212.94938209450842,0.0,0.028834974,1.0,1.0,semunrelated,-1,quad
325.0,300.5192929115984,5.0,0.045186372,1.0,1.0,semunrelated,-1,chin
442.0,299.71307483161706,7.0,0.029027555,1.0,1.0,semunrelated,-1,stag
425.0,261.9799876157887,1.0,0.046674826,1.0,1.0,semunrelated,-1,lion
422.0,274.0751930456112,3.0,0.043643923,1.0,1.0,semunrelated,-1,plug
430.0,281.0406224302686,6.0,0.019742265,-1.0,1.0,semunrelated,-1,slur
508.0,286.4668588724688,6.0,0.040460035,1.0,1.0,semunrelated,-1,geek
286.0,257.04198712108666,1.0,0.039597919,1.0,1.0,semunrelated,-1,crib
390.0,214.43586694238098,2.0,0.06653228,-1.0,1.0,semunrelated,-1,high
499.0,315.4340658640001,10.0,0.037258149,1.0,1.0,semunrelated,-1,pike
437.0,341.5303123863707,11.0,0.023610086,1.0,1.0,semunrelated,-1,bile
289.0,253.21197500986392,4.0,0.037454329,1.0,1.0,semunrelated,-1,yank
375.0,211.515751089367,1.0,0.065213009,-1.0,1.0,semunrelated,-1,news
273.0,288.47261161172673,7.0,0.0357193,-1.0,1.0,semunrelated,-1,pact
340.0,227.4217882363604,3.0,0.023797268,-1.0,1.0,semunrelated,-1,coax
297.0,292.0188291608433,6.0,0.041376145,1.0,1.0,semunrelated,-1,soil
456.0,273.4034376775052,12.0,0.02500315,1.0,1.0,semunrelated,-1,pail
434.0,223.46949128623973,1.0,0.067378197,-1.0,1.0,semunrelated,-1,goes
326.0,266.7388916832589,12.0,0.030656396,1.0,1.0,semunrelated,-1,dome
290.0,182.4416248783692,0.0,0.036190853,-1.0,1.0,semunrelated,-1,jinx
276.0,217.86668297949367,3.0,0.010836738,-1.0,1.0,semunrelated,-1,yelp
457.0,241.12915383989707,3.0,0.019090729,1.0,1.0,semunrelated,-1,oxen
426.0,298.4345477131187,7.0,0.046694624,-1.0,1.0,semunrelated,-1,flew
269.0,300.8836246732591,7.0,0.028636994,1.0,1.0,semunrelated,-1,haze
321.0,323.78085924729965,13.0,0.017175717,-1.0,1.0,semunrelated,-1,rile
427.0,219.4527570049545,1.0,0.037740501,-1.0,1.0,semunrelated,-1,numb
267.0,252.3596905446715,2.0,0.02744911,-1.0,1.0,semunrelated,-1,feud
304.0,323.8662978411832,10.0,0.025762675,1.0,1.0,semunrelated,-1,mead
510.0,275.7726461224212,4.0,0.047205774,1.0,1.0,semunrelated,-1,tube
369.0,249.0114720356456,9.0,0.032569608,1.0,1.0,semunrelated,-1,wick
361.0,251.8268342474647,5.0,0.052416263,1.0,1.0,semunrelated,-1,soft
306.0,264.6778906632523,4.0,0.05092241,1.0,1.0,semunrelated,-1,drag
376.0,339.60530328356367,13.0,0.029216537,1.0,1.0,semunrelated,-1,mast
391.0,312.3034585163869,7.0,0.023417505,1.0,1.0,semunrelated,-1,carp
258.0,304.62594828171734,9.0,0.024162632,-1.0,1.0,semunrelated,-1,plop
343.0,203.82622590265913,1.0,0.043298357,1.0,1.0,semunrelated,-1,menu
461.0,274.16894153230163,3.0,0.037054769,1.0,1.0,semunrelated,-1,loaf
300.0,297.00211992459435,10.0,0.036986375,-1.0,1.0,semunrelated,-1,vile
474.0,256.37918913022236,1.0,0.017998236,1.0,1.0,semunrelated,-1,wren
453.0,342.8934989930421,10.0,0.023016144,1.0,1.0,semunrelated,-1,punt
293.0,288.3031047493751,8.0,0.032508414,-1.0,1.0,semunrelated,-1,poll
336.0,237.0056997478618,10.0,0.060432678,-1.0,1.0,semunrelated,-1,fool
409.0,261.4661239311707,3.0,0.025906661,-1.0,1.0,semunrelated,-1,cuss
374.0,310.67799475156943,11.0,0.032924173,-1.0,1.0,semunrelated,-1,peed
364.0,314.6307879497414,13.0,0.044306258,-1.0,1.0,semunrelated,-1,heal
281.0,262.91037701666517,6.0,0.005419269,-1.0,1.0,semunrelated,-1,jeer
317.0,285.24030758373203,3.0,0.044059682,1.0,1.0,semunrelated,-1,shed
370.0,263.2839961031995,3.0,0.023797268,-1.0,1.0,semunrelated,-1,clog
420.0,275.38836324726793,7.0,0.031394323,-1.0,1.0,semunrelated,-1,poof
263.0,293.8844643207709,4.0,0.042387646,1.0,1.0,semunrelated,-1,dial
418.0,240.57287972033595,1.0,0.023016144,-1.0,1.0,semunrelated,-1,mono
266.0,261.32839107885167,5.0,0.025467504,1.0,1.0,semunrelated,-1,yawn
372.0,266.416785318635,4.0,0.030656396,1.0,1.0,semunrelated,-1,barf
490.0,226.04822382975817,1.0,0.016254207,-1.0,1.0,semunrelated,-1,crux
383.0,285.0277652679637,9.0,0.031806483,-1.0,1.0,semunrelated,-1,goon
288.0,322.82433249677314,10.0,0.045722719,1.0,1.0,semunrelated,-1,barn
493.0,283.2113069180652,8.0,0.04000468,1.0,1.0,semunrelated,-1,hike
396.0,253.1919484096495,9.0,0.046073685,1.0,1.0,semunrelated,-1,corn
352.0,294.4796775331241,7.0,0.033320135,1.0,1.0,semunrelated,-1,woof
401.0,285.525087815919,4.0,0.050542647,1.0,1.0,semunrelated,-1,soup
349.0,286.1531356483707,6.0,0.042675618,-1.0,1.0,semunrelated,-1,hint
353.0,315.0673375572048,13.0,0.047805115,-1.0,1.0,semunrelated,-1,lack
448.0,246.7469290158693,2.0,0.012580767,-1.0,1.0,semunrelated,-1,serf
338.0,309.82992570368737,12.0,0.038764601,1.0,1.0,semunrelated,-1,dove
414.0,218.98082538642683,5.0,0.063308796,-1.0,1.0,semunrelated,-1,poor
463.0,255.26651310979418,3.0,0.023797268,-1.0,1.0,semunrelated,-1,blip
501.0,266.712279628268,2.0,0.051008801,1.0,1.0,semunrelated,-1,tied
377.0,261.66369389515427,4.0,0.020629578,1.0,1.0,semunrelated,-1,tyke
295.0,318.65882435840064,9.0,0.033590108,1.0,1.0,semunrelated,-1,cork
455.0,283.0875539136294,9.0,0.03816706,-1.0,1.0,semunrelated,-1,mode
405.0,295.35046197000867,3.0,0.025316319,1.0,1.0,semunrelated,-1,gulp
431.0,223.14139501940085,5.0,0.026047047,-1.0,1.0,semunrelated,-1,veer
486.0,195.97088139435272,0.0,0.022593186,1.0,1.0,semunrelated,-1,czar
443.0,289.27893985259044,4.0,0.041626321,1.0,1.0,semunrelated,-1,tray
485.0,256.29219347891,2.0,0.0214251,-1.0,1.0,semunrelated,-1,coed
478.0,264.64361016198364,8.0,0.047967099,-1.0,1.0,semunrelated,-1,noon
331.0,152.62807687587534,10.0,0.046244668,1.0,1.0,semunrelated,-1,port
348.0,265.2999442806692,3.0,0.045515739,1.0,1.0,semunrelated,-1,palm
400.0,319.58018266285677,10.0,0.045161174,1.0,1.0,semunrelated,-1,pump
438.0,297.5478454624429,9.0,0.005419269,-1.0,1.0,semunrelated,-1,gape
359.0,242.59744105909527,1.0,0.008588758,-1.0,1.0,semunrelated,-1,bios
505.0,272.4179030112112,5.0,0.058379079,-1.0,1.0,semunrelated,-1,tony
318.0,237.12468697797158,0.0,0.053141592,-1.0,1.0,semunrelated,-1,liar
487.0,253.11136342411805,1.0,0.039218157,1.0,1.0,semunrelated,-1,stir
303.0,188.94080346669244,7.0,0.015210309,-1.0,1.0,semunrelated,-1,wean
433.0,214.56847995682315,0.0,0.017175717,-1.0,1.0,semunrelated,-1,zips
432.0,218.9918107100732,2.0,0.037834092,1.0,1.0,semunrelated,-1,quiz
356.0,260.5043638698686,3.0,0.043658321,1.0,1.0,semunrelated,-1,twin
498.0,235.61957983820542,1.0,0.023610086,-1.0,1.0,semunrelated,-1,saga
271.0,256.4232231614006,4.0,0.050494052,-1.0,1.0,semunrelated,-1,drew
504.0,273.7190012963516,3.0,0.017598675,-1.0,1.0,semunrelated,-1,wiry
472.0,277.11931684794394,4.0,0.028636994,-1.0,1.0,semunrelated,-1,cram
292.0,298.1568719499546,3.0,0.025467504,1.0,1.0,semunrelated,-1,perm
334.0,276.9293135138381,3.0,0.042558629,1.0,1.0,semunrelated,-1,chew
360.0,296.6176777051866,7.0,0.044752614,1.0,1.0,semunrelated,-1,clay
402.0,265.4929288480779,7.0,0.025467504,-1.0,1.0,semunrelated,-1,toil
316.0,331.674844043403,12.0,0.045051385,1.0,1.0,semunrelated,-1,slap
479.0,261.62341658774244,1.0,0.041257357,1.0,1.0,semunrelated,-1,auto
475.0,153.23384530806214,8.0,0.026842569,1.0,1.0,semunrelated,-1,dusk
467.0,328.2067798287245,13.0,0.029580101,1.0,1.0,semunrelated,-1,gill
371.0,273.68609343850903,11.0,0.045328558,1.0,1.0,semunrelated,-1,sack
330.0,302.13804424919323,6.0,0.020345206,1.0,1.0,semunrelated,-1,leer
476.0,194.70719478933174,0.0,0.036378035,-1.0,1.0,semunrelated,-1,void
507.0,302.7033998048002,10.0,0.019742265,-1.0,1.0,semunrelated,-1,mull
464.0,273.92327040419593,13.0,0.040371844,1.0,1.0,semunrelated,-1,bean
392.0,298.1463220381781,5.0,0.042177067,1.0,1.0,semunrelated,-1,pimp
274.0,238.36940044275224,3.0,0.043112975,1.0,1.0,semunrelated,-1,bait
441.0,242.40432302300488,4.0,0.043237163,-1.0,1.0,semunrelated,-1,oath
309.0,258.0095461328671,4.0,0.02744911,1.0,1.0,semunrelated,-1,duet
272.0,281.47274106440807,6.0,0.030260434,1.0,1.0,semunrelated,-1,lobe
495.0,197.3325266037147,6.0,0.052358669,-1.0,0.0,semunrelated,-1,harm
439.0,297.606185731078,11.0,0.039981282,1.0,1.0,semunrelated,-1,beep
471.0,274.21169712744825,8.0,0.032629002,-1.0,1.0,semunrelated,-1,gaze
358.0,330.1036027513318,16.0,0.041907093,1.0,1.0,semunrelated,-1,cane
398.0,294.4050392885524,7.0,0.037614514,-1.0,1.0,semunrelated,-1,mild
416.0,346.0069816879279,13.0,0.019742265,1.0,1.0,semunrelated,-1,pane
462.0,180.11294558659554,5.0,0.053236983,-1.0,1.0,semunrelated,-1,babe
484.0,251.34862332875227,3.0,0.047745721,-1.0,1.0,semunrelated,-1,clue
355.0,283.0612896683348,7.0,0.028118644,-1.0,1.0,semunrelated,-1,perk
298.0,322.58964925514056,12.0,0.03132413,1.0,1.0,semunrelated,-1,lice
367.0,283.0114424016426,4.0,0.008588758,-1.0,1.0,semunrelated,-1,rasp
454.0,314.3829668307313,11.0,0.014006227,-1.0,1.0,semunrelated,-1,dote
363.0,243.0690860294861,3.0,0.040699411,-1.0,1.0,semunrelated,-1,fuss
452.0,217.82939514034948,3.0,0.041217761,-1.0,1.0,semunrelated,-1,unto
465.0,285.13064858540605,5.0,0.049149583,1.0,1.0,semunrelated,-1,horn
492.0,229.9338999180171,1.0,0.026047047,1.0,1.0,semunrelated,-1,smog
446.0,304.7507469038326,8.0,0.020629578,-1.0,1.0,semunrelated,-1,musk
466.0,252.56836303655217,0.0,0.026185634,1.0,1.0,semunrelated,-1,anus
421.0,299.4059745222658,11.0,0.043390148,-1.0,1.0,semunrelated,-1,worn
305.0,180.3274043092568,1.0,0.012580767,-1.0,1.0,semunrelated,-1,ashy
435.0,262.94154589101214,2.0,0.027211533,1.0,1.0,semunrelated,-1,germ
296.0,246.36283552383537,1.0,0.042034881,1.0,1.0,semunrelated,-1,drum
315.0,331.09920803091427,8.0,0.00979284,1.0,1.0,semunrelated,-1,spay
344.0,190.2724759084219,0.0,0.058870431,-1.0,1.0,semunrelated,-1,evil
502.0,226.7842734512617,2.0,0.058316085,-1.0,1.0,semunrelated,-1,holy
324.0,318.777997284042,12.0,0.046095283,-1.0,1.0,semunrelated,-1,ward
393.0,209.00052960645712,5.0,0.046674826,-1.0,1.0,semunrelated,-1,earn
314.0,288.61500125200365,3.0,0.027791076,1.0,1.0,semunrelated,-1,hurl
100.0,297.9580793206867,8.0,0.042052879,-1.0,1.0,semunrelated,-1,rank
208.0,270.13222190756903,4.0,0.00979284,-1.0,1.0,semunrelated,-1,laud
69.0,259.5122467432134,3.0,0.040721009,-1.0,1.0,semunrelated,-1,folk
42.0,285.25359908825317,6.0,0.037223952,-1.0,1.0,semunrelated,-1,flee
141.0,301.36423476766083,10.0,0.040827199,1.0,1.0,semunrelated,-1,tick
169.0,223.29519183207748,1.0,0.052682637,-1.0,1.0,semunrelated,-1,jerk
44.0,290.1597706472743,5.0,0.008588758,-1.0,1.0,semunrelated,-1,plod
110.0,313.0045296068523,11.0,0.024841166,-1.0,1.0,semunrelated,-1,fend
154.0,295.21788704194375,3.0,0.029668293,1.0,1.0,semunrelated,-1,gasp
64.0,289.44198488121464,4.0,0.016727561,-1.0,1.0,semunrelated,-1,arid
183.0,276.7821698487811,6.0,0.038820396,-1.0,1.0,semunrelated,-1,doom
240.0,270.4285543652385,4.0,0.026320621,-1.0,1.0,semunrelated,-1,dual
194.0,280.33180176344524,6.0,0.026047047,-1.0,1.0,semunrelated,-1,pout
120.0,215.2565671631018,0.0,0.026320621,1.0,1.0,semunrelated,-1,afro
75.0,268.4617421909567,10.0,0.041646119,1.0,1.0,semunrelated,-1,hose
212.0,313.018097788443,11.0,0.028932165,-1.0,1.0,semunrelated,-1,toot
78.0,287.5867308801773,4.0,0.022807365,1.0,1.0,semunrelated,-1,fawn
30.0,238.5970645781455,2.0,0.030420619,1.0,1.0,semunrelated,-1,knit
1.0,284.65374029579306,10.0,0.025161534,1.0,1.0,semunrelated,-1,pant
5.0,287.4718519819427,15.0,0.050603841,-1.0,1.0,semunrelated,-1,sale
14.0,350.9069993040897,20.0,0.043190367,1.0,1.0,semunrelated,-1,core
235.0,293.33591229738147,7.0,0.036671406,-1.0,1.0,semunrelated,-1,lure
142.0,241.10277884483588,1.0,0.040742607,-1.0,1.0,semunrelated,-1,glen
46.0,229.7907674054681,1.0,0.056046507,-1.0,1.0,semunrelated,-1,duty
128.0,293.68935214117096,3.0,0.010836738,1.0,1.0,semunrelated,-1,alum
76.0,317.9176840848053,9.0,0.026966757,1.0,1.0,semunrelated,-1,foil
115.0,324.42289848309133,7.0,0.026714782,1.0,1.0,semunrelated,-1,blob
172.0,317.4412778320076,10.0,0.029122946,1.0,1.0,semunrelated,-1,gent
7.0,232.90931942128742,3.0,0.064257303,-1.0,1.0,semunrelated,-1,plan
87.0,224.66276767121468,0.0,0.022593186,1.0,1.0,semunrelated,-1,tutu
51.0,317.8578993914239,9.0,0.023797268,-1.0,1.0,semunrelated,-1,bunt
103.0,223.81822505036607,2.0,0.020903151,-1.0,1.0,semunrelated,-1,awry
131.0,333.9404983223989,10.0,0.038314645,1.0,1.0,semunrelated,-1,sole
155.0,305.04412950034305,5.0,0.037020572,1.0,1.0,semunrelated,-1,crow
211.0,264.2613021629423,7.0,0.044928997,-1.0,1.0,semunrelated,-1,tend
200.0,220.8614955224312,3.0,0.012580767,-1.0,1.0,semunrelated,-1,boxy
129.0,290.84042845327866,6.0,0.013325894,-1.0,1.0,semunrelated,-1,clad
33.0,271.6772568437981,6.0,0.038226454,1.0,1.0,semunrelated,-1,leaf
252.0,248.61976833803737,2.0,0.030012059,1.0,1.0,semunrelated,-1,logo
72.0,191.60554875300593,3.0,0.044928997,-1.0,1.0,semunrelated,-1,coma
8.0,268.94079623546264,6.0,0.032808985,1.0,1.0,semunrelated,-1,gram
0.0,271.194696964369,2.0,0.019423696,-1.0,1.0,semunrelated,-1,trod
16.0,227.83154393199067,3.0,0.014630766,1.0,1.0,semunrelated,-1,talc
221.0,241.63330944164628,2.0,0.02561689,1.0,1.0,semunrelated,-1,opal
227.0,279.8433812185902,4.0,0.017998236,-1.0,1.0,semunrelated,-1,prim
119.0,167.35873245344447,1.0,0.017998236,-1.0,1.0,semunrelated,-1,ogle
47.0,319.6764390470702,13.0,0.023016144,-1.0,1.0,semunrelated,-1,hone
2.0,265.8654222430786,5.0,0.042052879,1.0,1.0,semunrelated,-1,robe
74.0,316.21979273945755,11.0,0.03153471,-1.0,1.0,semunrelated,-1,dire
245.0,345.1314008112037,13.0,0.038654812,1.0,1.0,semunrelated,-1,slot
80.0,277.4751355389995,5.0,0.027211533,-1.0,1.0,semunrelated,-1,stow
189.0,241.83823918571846,3.0,0.010836738,-1.0,1.0,semunrelated,-1,skew
85.0,304.8358150638463,13.0,0.033590108,1.0,1.0,semunrelated,-1,pest
125.0,265.3489161615931,4.0,0.039218157,1.0,1.0,semunrelated,-1,nude
144.0,286.01216403375327,6.0,0.027330322,-1.0,1.0,semunrelated,-1,posh
176.0,247.15394070764947,2.0,0.029841076,1.0,1.0,semunrelated,-1,gala
104.0,259.84364791181076,8.0,0.038820396,-1.0,1.0,semunrelated,-1,fade
65.0,328.14340384947945,13.0,0.032866579,1.0,1.0,semunrelated,-1,hoot
138.0,289.91984468885823,7.0,0.05755116,-1.0,1.0,semunrelated,-1,crap
52.0,300.1713282405536,12.0,0.046996994,-1.0,1.0,semunrelated,-1,rape
70.0,316.0565115877502,14.0,0.03458721,-1.0,1.0,semunrelated,-1,cope
71.0,242.22695688623853,4.0,0.024841166,1.0,1.0,semunrelated,-1,spud
39.0,302.94248713526906,9.0,0.02949011,1.0,1.0,semunrelated,-1,lard
137.0,286.40012691419554,7.0,0.030499811,1.0,1.0,semunrelated,-1,fang
244.0,306.1394608806446,10.0,0.052230881,-1.0,1.0,semunrelated,-1,bond
132.0,291.48350442468245,15.0,0.030960566,1.0,1.0,semunrelated,-1,bale
86.0,285.14314642550954,4.0,0.037454329,1.0,1.0,semunrelated,-1,raft
55.0,281.08414103712505,5.0,0.046106082,1.0,1.0,semunrelated,-1,flip
139.0,301.13254059845394,10.0,0.031394323,-1.0,1.0,semunrelated,-1,sank
83.0,273.1583556042189,8.0,0.055826929,-1.0,1.0,semunrelated,-1,east
246.0,275.5844272492787,5.0,0.046804413,-1.0,1.0,semunrelated,-1,tune
134.0,268.8974484250854,3.0,0.027791076,-1.0,1.0,semunrelated,-1,duly
148.0,224.67829272576722,1.0,0.050670434,1.0,1.0,semunrelated,-1,data
108.0,239.65058303949195,3.0,0.037020572,-1.0,1.0,semunrelated,-1,cult
121.0,243.49954546436348,10.0,0.017998236,1.0,1.0,semunrelated,-1,wort
90.0,264.7927522710305,4.0,0.060292291,-1.0,1.0,semunrelated,-1,cute
213.0,186.3401747195162,0.0,0.017175717,1.0,1.0,semunrelated,-1,onyx
158.0,236.10501202125155,1.0,0.05734238,-1.0,1.0,semunrelated,-1,lots
84.0,320.22364161787385,12.0,0.037223952,1.0,1.0,semunrelated,-1,rail
20.0,255.05336902983026,13.0,0.041336549,-1.0,1.0,semunrelated,-1,bore
95.0,297.19616625681203,8.0,0.008588758,1.0,1.0,semunrelated,-1,eave
124.0,252.38021657815307,3.0,0.053154191,-1.0,1.0,semunrelated,-1,whom
126.0,262.95765826378863,1.0,0.014006227,-1.0,1.0,semunrelated,-1,peon
107.0,307.33404977487425,12.0,0.031180144,1.0,1.0,semunrelated,-1,vine
60.0,238.0137246727355,3.0,0.04755134,1.0,1.0,semunrelated,-1,fuel
192.0,256.61008386220146,3.0,0.049264772,-1.0,1.0,semunrelated,-1,deny
143.0,258.6362226356629,4.0,0.016254207,-1.0,1.0,semunrelated,-1,axed
73.0,241.95923446421588,1.0,0.016727561,-1.0,1.0,semunrelated,-1,gawk
32.0,265.7627258908871,9.0,0.00979284,-1.0,1.0,semunrelated,-1,jell
68.0,265.2514106857279,4.0,0.038955382,1.0,1.0,semunrelated,-1,cuff
242.0,294.40246662223365,4.0,0.039192959,1.0,1.0,semunrelated,-1,glue
186.0,251.95153309038238,3.0,0.043804107,1.0,1.0,semunrelated,-1,lamb
202.0,292.1188248815249,4.0,0.030341427,1.0,1.0,semunrelated,-1,moan
49.0,325.1906698247996,13.0,0.034680801,1.0,1.0,semunrelated,-1,lime
160.0,209.4341156367405,1.0,0.020345206,-1.0,1.0,semunrelated,-1,anti
195.0,246.15257613402164,2.0,0.027791076,-1.0,1.0,semunrelated,-1,alto
45.0,234.74045868258736,2.0,0.046784615,1.0,1.0,semunrelated,-1,exit
118.0,226.85484010701504,0.0,0.03837224,1.0,1.0,semunrelated,-1,nova
59.0,313.7655349998737,11.0,0.042177067,1.0,1.0,semunrelated,-1,fold
157.0,309.36642472945016,8.0,0.022593186,1.0,1.0,semunrelated,-1,fowl
92.0,307.8890129343128,11.0,0.041550728,1.0,1.0,semunrelated,-1,tuck
162.0,190.07272050258206,0.0,0.050740627,1.0,1.0,semunrelated,-1,taxi
239.0,314.1843200649565,8.0,0.045810911,1.0,1.0,semunrelated,-1,flow
40.0,319.34053845199935,12.0,0.022593186,1.0,1.0,semunrelated,-1,gash
250.0,304.99753093819106,5.0,0.040951387,1.0,1.0,semunrelated,-1,monk
82.0,302.885654797153,11.0,0.031394323,-1.0,1.0,semunrelated,-1,hock
254.0,262.8527714350104,6.0,0.020903151,1.0,1.0,semunrelated,-1,kale
112.0,293.89298183300156,6.0,0.021912853,-1.0,1.0,semunrelated,-1,sped
3.0,305.26014878043634,7.0,0.027564299,-1.0,1.0,semunrelated,-1,slew
196.0,216.08432187739362,0.0,0.044700419,1.0,1.0,semunrelated,-1,jazz
201.0,286.4079833721924,8.0,0.026842569,-1.0,1.0,semunrelated,-1,bony
216.0,321.88585073309844,11.0,0.032808985,1.0,1.0,semunrelated,-1,dunk
41.0,315.3448761044481,7.0,0.04315977,1.0,1.0,semunrelated,-1,silk
224.0,308.3497524172171,8.0,0.032004464,-1.0,1.0,semunrelated,-1,cant
237.0,272.4423555693888,3.0,0.017998236,1.0,1.0,semunrelated,-1,kiln
204.0,257.1865193654834,2.0,0.046685625,-1.0,1.0,semunrelated,-1,diet
37.0,269.4705596888108,1.0,0.045755116,1.0,1.0,semunrelated,-1,poem
81.0,200.598340209139,2.0,0.055268984,-1.0,1.0,semunrelated,-1,size
191.0,286.28590851297,7.0,0.033537913,1.0,1.0,semunrelated,-1,moss
13.0,294.7330183950521,8.0,0.019742265,-1.0,1.0,semunrelated,-1,bode
166.0,237.8563678172596,12.0,0.057392776,-1.0,1.0,semunrelated,-1,west
38.0,320.10263691590626,16.0,0.041907093,-1.0,1.0,semunrelated,-1,bare
101.0,254.57686579976544,3.0,0.048282068,-1.0,1.0,semunrelated,-1,june
147.0,306.22376864786366,7.0,0.040121668,1.0,1.0,semunrelated,-1,disk
77.0,315.3575867185541,11.0,0.036986375,-1.0,1.0,semunrelated,-1,peep
58.0,241.9061523746687,2.0,0.025906661,-1.0,1.0,semunrelated,-1,tier
105.0,218.20005940670694,1.0,0.044954194,1.0,1.0,semunrelated,-1,item
149.0,261.0995091143444,3.0,0.027677688,-1.0,1.0,semunrelated,-1,daft
17.0,286.9194640884763,8.0,0.042034881,1.0,1.0,semunrelated,-1,scar
94.0,291.09336050123727,5.0,0.019742265,-1.0,1.0,semunrelated,-1,spew
215.0,307.45584554389114,8.0,0.044990191,1.0,1.0,semunrelated,-1,tire
36.0,263.43849199866514,3.0,0.041136769,-1.0,1.0,semunrelated,-1,prep
182.0,229.163503313238,4.0,0.024841166,-1.0,1.0,semunrelated,-1,vamp
152.0,281.32852778998813,8.0,0.031603103,-1.0,1.0,semunrelated,-1,goof
63.0,249.28556584261636,4.0,0.050794622,-1.0,1.0,semunrelated,-1,thee
146.0,225.74799973702966,1.0,0.024162632,1.0,1.0,semunrelated,-1,zinc
231.0,281.14567078490234,4.0,0.036378035,1.0,1.0,semunrelated,-1,curb
179.0,300.0641326756111,12.0,0.032260039,-1.0,1.0,semunrelated,-1,swam
184.0,321.69239710480826,14.0,0.044016486,-1.0,1.0,semunrelated,-1,lame
190.0,250.82501738112938,6.0,0.014630766,-1.0,1.0,semunrelated,-1,meld
243.0,323.83788019914243,12.0,0.029754684,1.0,1.0,semunrelated,-1,sage
67.0,260.58034601344605,6.0,0.052290276,-1.0,1.0,semunrelated,-1,weak
181.0,303.94354430402547,7.0,0.031806483,1.0,1.0,semunrelated,-1,tong
15.0,260.0141572190415,5.0,0.052113893,-1.0,1.0,semunrelated,-1,tour
145.0,343.39960411068495,14.0,0.031252137,1.0,1.0,semunrelated,-1,tack
174.0,282.71475692916,2.0,0.039957884,1.0,1.0,semunrelated,-1,riot
188.0,307.98542292077906,9.0,0.042265258,1.0,1.0,semunrelated,-1,beam
218.0,285.305670286784,6.0,0.0214251,-1.0,1.0,semunrelated,-1,balm
159.0,345.06145400962816,16.0,0.044169471,1.0,1.0,semunrelated,-1,boot
136.0,296.02672456938103,5.0,0.040805601,1.0,1.0,semunrelated,-1,dorm
220.0,299.7532140255388,7.0,0.044662623,1.0,1.0,semunrelated,-1,slim
168.0,274.1340199328474,4.0,0.016727561,-1.0,1.0,semunrelated,-1,gait
228.0,304.30968008985076,10.0,0.054673242,-1.0,1.0,semunrelated,-1,form
214.0,203.69124485997855,0.0,0.045620129,1.0,1.0,semunrelated,-1,exam
232.0,305.2269779051311,8.0,0.029216537,1.0,1.0,semunrelated,-1,lark
230.0,281.0250997791524,6.0,0.031464516,1.0,1.0,semunrelated,-1,skid
135.0,227.73183590193202,1.0,0.048906607,-1.0,1.0,semunrelated,-1,earl
164.0,292.98102956589986,8.0,0.037740501,1.0,1.0,semunrelated,-1,heap
18.0,253.68032094570958,5.0,0.027902666,-1.0,1.0,semunrelated,-1,jolt
93.0,254.21389282240898,2.0,0.045161174,1.0,1.0,semunrelated,-1,eats
31.0,307.22411069717907,10.0,0.041136769,-1.0,1.0,semunrelated,-1,bold
199.0,312.19983915765204,10.0,0.030499811,1.0,1.0,semunrelated,-1,dart
113.0,271.30462910628324,11.0,0.036741599,1.0,1.0,semunrelated,-1,mold
226.0,320.49045047853735,11.0,0.042774608,1.0,1.0,semunrelated,-1,deed
29.0,259.3407807798243,3.0,0.019090729,-1.0,1.0,semunrelated,-1,maim
4.0,326.55329090671785,10.0,0.03857022,1.0,1.0,semunrelated,-1,mint
178.0,316.8005501539434,10.0,0.04601969,1.0,1.0,semunrelated,-1,bush
89.0,280.6096846268428,4.0,0.022593186,1.0,1.0,semunrelated,-1,lube
12.0,256.60391549032056,2.0,0.044635626,1.0,1.0,semunrelated,-1,frog
206.0,323.87018073472143,15.0,0.026047047,1.0,1.0,semunrelated,-1,soot
229.0,195.33633899859865,1.0,0.045643527,-1.0,1.0,semunrelated,-1,blah
193.0,281.5595339853129,3.0,0.028010655,1.0,1.0,semunrelated,-1,gout
241.0,275.2331312349483,4.0,0.022593186,1.0,1.0,semunrelated,-1,burr
57.0,287.2933743927235,7.0,0.044479041,-1.0,1.0,semunrelated,-1,plot
106.0,261.00096480952095,2.0,0.016727561,-1.0,1.0,semunrelated,-1,airy
187.0,195.0176496334446,1.0,0.050782023,-1.0,1.0,semunrelated,-1,amen
88.0,283.8475780128709,6.0,0.046503843,-1.0,1.0,semunrelated,-1,host
62.0,226.27002306206973,0.0,0.0,1.0,1.0,semunrelated,-1,lynx
24.0,230.64993399815768,1.0,0.052571048,-1.0,1.0,semunrelated,-1,ally
130.0,279.56402026158844,3.0,0.038928385,1.0,1.0,semunrelated,-1,toad
238.0,209.05493779286576,3.0,0.035996472,-1.0,1.0,semunrelated,-1,whiz
198.0,262.63189659412205,15.0,0.036741599,-1.0,1.0,semunrelated,-1,dine
114.0,196.27123431094122,1.0,0.064854844,-1.0,1.0,semunrelated,-1,whoa
233.0,215.154400095668,2.0,0.02561689,-1.0,1.0,semunrelated,-1,atop
122.0,315.32940099779313,11.0,0.012580767,-1.0,1.0,semunrelated,-1,seep
9.0,260.26347490852766,1.0,0.00979284,1.0,1.0,semunrelated,-1,clef
6.0,203.87561579263223,0.0,0.024677382,1.0,1.0,semunrelated,-1,dojo
50.0,223.14796289544825,3.0,0.038681809,-1.0,1.0,semunrelated,-1,prey
25.0,243.55398568825854,10.0,0.022373607,-1.0,1.0,semunrelated,-1,mope
170.0,295.43956858827073,9.0,0.034349634,-1.0,1.0,semunrelated,-1,funk
175.0,258.7620437056504,7.0,0.03652562,-1.0,1.0,semunrelated,-1,dork
253.0,307.396624239091,8.0,0.040890193,1.0,1.0,semunrelated,-1,melt
185.0,211.85558376665819,0.0,0.017598675,1.0,1.0,semunrelated,-1,oboe
156.0,309.0861342677233,11.0,0.042106874,-1.0,1.0,semunrelated,-1,hack
225.0,307.2768278577044,5.0,0.023219524,1.0,1.0,semunrelated,-1,sift
234.0,296.52670089499077,13.0,0.032629002,-1.0,1.0,semunrelated,-1,rave
251.0,274.6235960135274,4.0,0.012580767,-1.0,1.0,semunrelated,-1,fiat
109.0,329.33177652883285,12.0,0.045810911,1.0,1.0,semunrelated,-1,sail
111.0,265.54917135680296,1.0,0.015210309,1.0,1.0,semunrelated,-1,peso
150.0,184.93699117572984,2.0,0.064982632,-1.0,1.0,semunrelated,-1,able
133.0,321.97127506679783,14.0,0.047407354,-1.0,1.0,semunrelated,-1,tone
153.0,232.9415208642269,1.0,0.020629578,-1.0,1.0,semunrelated,-1,noun
151.0,280.8009917974549,9.0,0.048184878,-1.0,1.0,semunrelated,-1,vice
123.0,321.8732245615004,15.0,0.040784003,-1.0,1.0,semunrelated,-1,bent
117.0,307.11102736786484,4.0,0.00979284,1.0,1.0,semunrelated,-1,glob
35.0,248.19410379439742,0.0,0.021671676,1.0,1.0,semunrelated,-1,euro
23.0,340.30233978890544,18.0,0.014006227,-1.0,1.0,semunrelated,-1,sear
19.0,190.82337364810743,1.0,0.066978636,-1.0,1.0,semunrelated,-1,also
163.0,255.778282278506,4.0,0.057405374,-1.0,1.0,semunrelated,-1,type
98.0,250.2788744443654,3.0,0.045222368,1.0,1.0,semunrelated,-1,hawk
247.0,300.9516306674494,11.0,0.033208546,-1.0,1.0,semunrelated,-1,tame
255.0,271.360906818276,6.0,0.045800112,-1.0,1.0,semunrelated,-1,gain
97.0,229.81649314236628,14.0,0.007163298,1.0,1.0,semunrelated,-1,slat
28.0,302.6063933937865,8.0,0.033096956,1.0,1.0,semunrelated,-1,hoop
205.0,326.78731908965176,13.0,0.044045284,1.0,1.0,semunrelated,-1,lick
171.0,223.3137374121186,0.0,0.025161534,1.0,1.0,semunrelated,-1,judo
26.0,279.38269398691637,5.0,0.037389536,1.0,1.0,semunrelated,-1,limb
140.0,210.28947411986056,0.0,0.020345206,1.0,1.0,semunrelated,-1,magi
207.0,300.3268079086204,9.0,0.050645237,-1.0,1.0,semunrelated,-1,hire
91.0,324.4705491473593,15.0,0.007163298,-1.0,1.0,semunrelated,-1,sate
53.0,337.30731192033517,13.0,0.037772898,1.0,1.0,semunrelated,-1,gale
10.0,282.07658914863407,7.0,0.052893216,-1.0,1.0,semunrelated,-1,mood
43.0,216.30690885156682,1.0,0.023417505,1.0,1.0,semunrelated,-1,yogi
34.0,207.8487296903411,2.0,0.00979284,-1.0,1.0,semunrelated,-1,awed
54.0,243.91834731037352,1.0,0.021912853,-1.0,1.0,semunrelated,-1,spry
116.0,296.13242043814756,11.0,0.044531236,-1.0,1.0,semunrelated,-1,lend
161.0,294.6220197654973,4.0,0.02500315,1.0,1.0,semunrelated,-1,font
165.0,237.74957273641422,10.0,0.023219524,-1.0,1.0,semunrelated,-1,wary
217.0,275.76611327888065,4.0,0.04500279,1.0,1.0,semunrelated,-1,toss
236.0,269.08661830705813,3.0,0.050341067,1.0,1.0,semunrelated,-1,path
248.0,201.81512358756873,1.0,0.046073685,-1.0,1.0,semunrelated,-1,debt
209.0,270.38507302405844,4.0,0.051881716,-1.0,1.0,semunrelated,-1,gosh
96.0,321.56081824727505,9.0,0.040393441,1.0,1.0,semunrelated,-1,cunt
219.0,224.72832637531397,1.0,0.068576879,-1.0,1.0,semunrelated,-1,each
79.0,295.6550629428921,5.0,0.046296863,1.0,1.0,semunrelated,-1,spin
102.0,276.4586704586544,6.0,0.032808985,-1.0,1.0,semunrelated,-1,reap
203.0,264.17626446458877,2.0,0.036036068,1.0,1.0,semunrelated,-1,bulb
177.0,247.10578122160146,0.0,0.050080092,1.0,1.0,semunrelated,-1,guts
48.0,228.80858697163004,2.0,0.030260434,1.0,1.0,semunrelated,-1,fuzz
66.0,290.10403800259485,8.0,0.043960692,1.0,1.0,semunrelated,-1,torn
210.0,290.561226837381,7.0,0.031252137,1.0,1.0,semunrelated,-1,snot
27.0,304.8910813327535,8.0,0.038654812,1.0,1.0,semunrelated,-1,weep
61.0,308.62680067426516,7.0,0.029841076,1.0,1.0,semunrelated,-1,dung
99.0,242.2066848043627,2.0,0.018379799,1.0,1.0,semunrelated,-1,waxy
167.0,295.7583630031015,6.0,0.014630766,1.0,1.0,semunrelated,-1,nape
180.0,254.25395599375582,5.0,0.039981282,-1.0,1.0,semunrelated,-1,vain
173.0,322.3369956238083,12.0,0.042592826,1.0,1.0,semunrelated,-1,reed
127.0,303.1084562133669,9.0,0.044333255,1.0,1.0,semunrelated,-1,cock
56.0,285.4054373266114,15.0,0.032981768,-1.0,1.0,semunrelated,-1,fore
197.0,275.2179168378374,8.0,0.04449344,1.0,1.0,semunrelated,-1,porn
249.0,284.77690573948666,9.0,0.033429924,-1.0,1.0,semunrelated,-1,stat
222.0,216.6984178176752,4.0,0.012580767,-1.0,1.0,semunrelated,-1,volt
11.0,218.59159397441698,1.0,0.023797268,-1.0,1.0,semunrelated,-1,faux
21.0,296.05167548980194,8.0,0.032386026,1.0,1.0,semunrelated,-1,hind
22.0,270.1901853300496,5.0,0.037895286,1.0,1.0,semunrelated,-1,herb
223.0,265.70463424617685,6.0,0.0428556,-1.0,1.0,semunrelated,-1,scan
1.0,44.68483459546773,10.0,0.025161534,1.0,1.0,semrelated,1,pant
0.0,115.99934843679202,2.0,0.019423696,-1.0,1.0,semrelated,1,trod
3.0,74.2361300753956,7.0,0.027564299,-1.0,1.0,semrelated,1,slew
2.0,34.54597270642679,5.0,0.042052879,1.0,1.0,semrelated,1,robe
5.0,144.40613393313973,15.0,0.050603841,-1.0,1.0,semrelated,1,sale
4.0,40.903031664969504,10.0,0.03857022,1.0,1.0,semrelated,1,mint
7.0,32.22467724923355,3.0,0.064257303,-1.0,1.0,semrelated,1,plan
6.0,37.29489419197166,0.0,0.024677382,1.0,1.0,semrelated,1,dojo
9.0,124.87675262407552,1.0,0.00979284,1.0,1.0,semrelated,1,clef
8.0,57.50116931931579,6.0,0.032808985,1.0,1.0,semrelated,1,gram
11.0,20.05780889182222,1.0,0.023797268,-1.0,1.0,semrelated,1,faux
10.0,22.19346986720855,7.0,0.052893216,-1.0,1.0,semrelated,1,mood
13.0,96.08741880806659,8.0,0.019742265,-1.0,1.0,semrelated,1,bode
12.0,30.794586181284224,2.0,0.044635626,1.0,1.0,semrelated,1,frog
15.0,120.73576265285405,5.0,0.052113893,-1.0,1.0,semrelated,1,tour
14.0,35.025837195080655,20.0,0.043190367,1.0,1.0,semrelated,1,core
17.0,54.63718490122668,8.0,0.042034881,1.0,1.0,semrelated,1,scar
16.0,99.55943152682221,3.0,0.014630766,1.0,1.0,semrelated,1,talc
19.0,18.047227864869363,1.0,0.066978636,-1.0,1.0,semrelated,1,also
18.0,23.680563063345808,5.0,0.027902666,-1.0,1.0,semrelated,1,jolt
21.0,37.963135239670045,8.0,0.032386026,1.0,1.0,semrelated,1,hind
20.0,111.72381533366783,13.0,0.041336549,-1.0,1.0,semrelated,1,bore
23.0,66.75604158338925,18.0,0.014006227,-1.0,1.0,semrelated,1,sear
22.0,27.61996394208557,5.0,0.037895286,1.0,1.0,semrelated,1,herb
25.0,24.77110779026433,10.0,0.022373607,-1.0,1.0,semrelated,1,mope
24.0,17.110696744845985,1.0,0.052571048,-1.0,1.0,semrelated,1,ally
27.0,93.63462200638193,8.0,0.038654812,1.0,1.0,semrelated,1,weep
26.0,102.89651496052554,5.0,0.037389536,1.0,1.0,semrelated,1,limb
29.0,97.26871847960705,3.0,0.019090729,-1.0,1.0,semrelated,1,maim
28.0,32.67262427442343,8.0,0.033096956,1.0,1.0,semrelated,1,hoop
31.0,50.41429011528951,10.0,0.041136769,-1.0,1.0,semrelated,1,bold
30.0,34.86507531289213,2.0,0.030420619,1.0,1.0,semrelated,1,knit
33.0,25.749513039671832,6.0,0.038226454,1.0,1.0,semrelated,1,leaf
32.0,65.092821968562,9.0,0.00979284,-1.0,1.0,semrelated,1,jell
35.0,29.589282351129544,0.0,0.021671676,1.0,1.0,semrelated,1,euro
34.0,34.73160883277506,2.0,0.00979284,-1.0,1.0,semrelated,1,awed
37.0,25.81364019814432,1.0,0.045755116,1.0,1.0,semrelated,1,poem
36.0,31.16374720907722,3.0,0.041136769,-1.0,1.0,semrelated,1,prep
39.0,26.78186506754171,9.0,0.02949011,1.0,1.0,semrelated,1,lard
38.0,41.391199148084844,16.0,0.041907093,-1.0,1.0,semrelated,1,bare
41.0,114.00965705052508,7.0,0.04315977,1.0,1.0,semrelated,1,silk
40.0,189.5773408911327,12.0,0.022593186,1.0,1.0,semrelated,1,gash
43.0,33.54561424052985,1.0,0.023417505,1.0,1.0,semrelated,1,yogi
42.0,36.72657647968726,6.0,0.037223952,-1.0,1.0,semrelated,1,flee
45.0,27.676388014856837,2.0,0.046784615,1.0,1.0,semrelated,1,exit
44.0,74.07629822856934,5.0,0.008588758,-1.0,1.0,semrelated,1,plod
47.0,26.64151530506109,13.0,0.023016144,-1.0,1.0,semrelated,1,hone
46.0,18.06805640703687,1.0,0.056046507,-1.0,1.0,semrelated,1,duty
49.0,87.38540589206491,13.0,0.034680801,1.0,1.0,semrelated,1,lime
48.0,129.8289563112582,2.0,0.030260434,1.0,1.0,semrelated,1,fuzz
51.0,24.716362719255905,9.0,0.023797268,-1.0,1.0,semrelated,1,bunt
50.0,18.574310158071206,3.0,0.038681809,-1.0,1.0,semrelated,1,prey
53.0,28.02312999669989,13.0,0.037772898,1.0,1.0,semrelated,1,gale
52.0,36.82930885506204,12.0,0.046996994,-1.0,1.0,semrelated,1,rape
55.0,28.551509487590305,5.0,0.046106082,1.0,1.0,semrelated,1,flip
54.0,87.01147688712345,1.0,0.021912853,-1.0,1.0,semrelated,1,spry
57.0,21.08062143055189,7.0,0.044479041,-1.0,1.0,semrelated,1,plot
56.0,26.66840823457622,15.0,0.032981768,-1.0,1.0,semrelated,1,fore
59.0,33.50166110112105,11.0,0.042177067,1.0,1.0,semrelated,1,fold
58.0,115.01061785970731,2.0,0.025906661,-1.0,1.0,semrelated,1,tier
61.0,89.37335146623509,7.0,0.029841076,1.0,1.0,semrelated,1,dung
60.0,64.24971919191734,3.0,0.04755134,1.0,1.0,semrelated,1,fuel
63.0,32.26518116508277,4.0,0.050794622,-1.0,1.0,semrelated,1,thee
62.0,38.90701685724279,0.0,0.0,1.0,1.0,semrelated,1,lynx
65.0,35.00516286616723,13.0,0.032866579,1.0,1.0,semrelated,1,hoot
64.0,125.10915998326007,4.0,0.016727561,-1.0,1.0,semrelated,1,arid
67.0,114.21512289643775,6.0,0.052290276,-1.0,1.0,semrelated,1,weak
66.0,37.122591049450264,8.0,0.043960692,1.0,1.0,semrelated,1,torn
69.0,64.48950944539854,3.0,0.040721009,-1.0,1.0,semrelated,1,folk
68.0,31.40218026468337,4.0,0.038955382,1.0,1.0,semrelated,1,cuff
71.0,38.28834233375197,4.0,0.024841166,1.0,1.0,semrelated,1,spud
70.0,65.39319737276689,14.0,0.03458721,-1.0,1.0,semrelated,1,cope
73.0,21.02172760688135,1.0,0.016727561,-1.0,1.0,semrelated,1,gawk
72.0,18.23152279574135,3.0,0.044928997,-1.0,1.0,semrelated,1,coma
75.0,33.35984547272527,10.0,0.041646119,1.0,1.0,semrelated,1,hose
74.0,101.3969732001996,11.0,0.03153471,-1.0,1.0,semrelated,1,dire
77.0,102.22487012474252,11.0,0.036986375,-1.0,1.0,semrelated,1,peep
76.0,38.16218557977169,9.0,0.026966757,1.0,1.0,semrelated,1,foil
79.0,50.73446560236904,5.0,0.046296863,1.0,1.0,semrelated,1,spin
78.0,82.05804314845346,4.0,0.022807365,1.0,1.0,semrelated,1,fawn
81.0,22.21315823790668,2.0,0.055268984,-1.0,1.0,semrelated,1,size
80.0,17.759754749292476,5.0,0.027211533,-1.0,1.0,semrelated,1,stow
83.0,21.485427177597057,8.0,0.055826929,-1.0,1.0,semrelated,1,east
82.0,23.594100000664053,11.0,0.031394323,-1.0,1.0,semrelated,1,hock
85.0,144.87283828570858,13.0,0.033590108,1.0,1.0,semrelated,1,pest
84.0,169.38109675957566,12.0,0.037223952,1.0,1.0,semrelated,1,rail
87.0,84.2413417783574,0.0,0.022593186,1.0,1.0,semrelated,1,tutu
86.0,58.619608124631284,4.0,0.037454329,1.0,1.0,semrelated,1,raft
89.0,37.9544444711683,4.0,0.022593186,1.0,1.0,semrelated,1,lube
88.0,50.484667812310974,6.0,0.046503843,-1.0,1.0,semrelated,1,host
91.0,27.540587710173288,15.0,0.007163298,-1.0,1.0,semrelated,1,sate
90.0,22.312175685666467,4.0,0.060292291,-1.0,1.0,semrelated,1,cute
93.0,109.10523892771585,2.0,0.045161174,1.0,1.0,semrelated,1,eats
92.0,80.09236159961866,11.0,0.041550728,1.0,1.0,semrelated,1,tuck
95.0,37.62618449008177,8.0,0.008588758,1.0,1.0,semrelated,1,eave
94.0,39.66545596728059,5.0,0.019742265,-1.0,1.0,semrelated,1,spew
97.0,160.26624162881393,14.0,0.007163298,1.0,1.0,semrelated,1,slat
96.0,86.33545049918648,9.0,0.040393441,1.0,1.0,semrelated,1,cunt
99.0,65.3384427966262,2.0,0.018379799,1.0,1.0,semrelated,1,waxy
98.0,47.16500432918455,3.0,0.045222368,1.0,1.0,semrelated,1,hawk
101.0,21.91668443931805,3.0,0.048282068,-1.0,1.0,semrelated,1,june
100.0,29.761473502223094,8.0,0.042052879,-1.0,1.0,semrelated,1,rank
103.0,18.027379314725664,2.0,0.020903151,-1.0,1.0,semrelated,1,awry
102.0,25.674966793348055,6.0,0.032808985,-1.0,1.0,semrelated,1,reap
105.0,29.053040090965094,1.0,0.044954194,1.0,1.0,semrelated,1,item
104.0,49.8779175880279,8.0,0.038820396,-1.0,1.0,semrelated,1,fade
107.0,29.544521124983635,12.0,0.031180144,1.0,1.0,semrelated,1,vine
106.0,70.56991741741672,2.0,0.016727561,-1.0,1.0,semrelated,1,airy
109.0,34.760823579324686,12.0,0.045810911,1.0,1.0,semrelated,1,sail
108.0,138.99196760102345,3.0,0.037020572,-1.0,1.0,semrelated,1,cult
111.0,30.839624043124786,1.0,0.015210309,1.0,1.0,semrelated,1,peso
110.0,36.710768498151026,11.0,0.024841166,-1.0,1.0,semrelated,1,fend
113.0,30.644384461220863,11.0,0.036741599,1.0,1.0,semrelated,1,mold
112.0,96.03346464019118,6.0,0.021912853,-1.0,1.0,semrelated,1,sped
115.0,32.10340089409266,7.0,0.026714782,1.0,1.0,semrelated,1,blob
114.0,33.020811239065274,1.0,0.064854844,-1.0,1.0,semrelated,1,whoa
117.0,40.170192042395755,4.0,0.00979284,1.0,1.0,semrelated,1,glob
116.0,37.39970801262411,11.0,0.044531236,-1.0,1.0,semrelated,1,lend
119.0,43.189055800306406,1.0,0.017998236,-1.0,1.0,semrelated,1,ogle
118.0,31.232646102702677,0.0,0.03837224,1.0,1.0,semrelated,1,nova
121.0,62.61013255529527,10.0,0.017998236,1.0,1.0,semrelated,1,wort
120.0,57.88541557902479,0.0,0.026320621,1.0,1.0,semrelated,1,afro
123.0,21.820336103658956,15.0,0.040784003,-1.0,1.0,semrelated,1,bent
122.0,24.243410225532568,11.0,0.012580767,-1.0,1.0,semrelated,1,seep
125.0,35.48167339735261,4.0,0.039218157,1.0,1.0,semrelated,1,nude
124.0,50.949419848688294,3.0,0.053154191,-1.0,1.0,semrelated,1,whom
127.0,30.768842548278325,9.0,0.044333255,1.0,1.0,semrelated,1,cock
126.0,120.17310248587128,1.0,0.014006227,-1.0,1.0,semrelated,1,peon
129.0,37.14694949812056,6.0,0.013325894,-1.0,1.0,semrelated,1,clad
128.0,28.212002446556234,3.0,0.010836738,1.0,1.0,semrelated,1,alum
131.0,79.62502764386413,10.0,0.038314645,1.0,1.0,semrelated,1,sole
130.0,110.88999141234972,3.0,0.038928385,1.0,1.0,semrelated,1,toad
133.0,121.23243777422272,14.0,0.047407354,-1.0,1.0,semrelated,1,tone
132.0,39.27951052980906,15.0,0.030960566,1.0,1.0,semrelated,1,bale
135.0,19.51151115684182,1.0,0.048906607,-1.0,1.0,semrelated,1,earl
134.0,20.836189717798543,3.0,0.027791076,-1.0,1.0,semrelated,1,duly
137.0,119.79044368711955,7.0,0.030499811,1.0,1.0,semrelated,1,fang
136.0,88.70562658898051,5.0,0.040805601,1.0,1.0,semrelated,1,dorm
139.0,26.037501864444835,10.0,0.031394323,-1.0,1.0,semrelated,1,sank
138.0,19.22544440057765,7.0,0.05755116,-1.0,1.0,semrelated,1,crap
141.0,57.95837882502227,10.0,0.040827199,1.0,1.0,semrelated,1,tick
140.0,107.18771714552199,0.0,0.020345206,1.0,1.0,semrelated,1,magi
143.0,18.56862428278074,4.0,0.016254207,-1.0,1.0,semrelated,1,axed
142.0,20.454996999725516,1.0,0.040742607,-1.0,1.0,semrelated,1,glen
145.0,36.549835205076874,14.0,0.031252137,1.0,1.0,semrelated,1,tack
144.0,156.19990635282548,6.0,0.027330322,-1.0,1.0,semrelated,1,posh
147.0,52.23283591434877,7.0,0.040121668,1.0,1.0,semrelated,1,disk
146.0,68.15228031273084,1.0,0.024162632,1.0,1.0,semrelated,1,zinc
149.0,34.128976072026305,3.0,0.027677688,-1.0,1.0,semrelated,1,daft
148.0,20.507829921825174,1.0,0.050670434,1.0,1.0,semrelated,1,data
151.0,22.054405904750134,9.0,0.048184878,-1.0,1.0,semrelated,1,vice
150.0,16.624482017593024,2.0,0.064982632,-1.0,1.0,semrelated,1,able
153.0,20.112967179071813,1.0,0.020629578,-1.0,1.0,semrelated,1,noun
152.0,18.134180382904592,8.0,0.031603103,-1.0,1.0,semrelated,1,goof
155.0,73.52057635052071,5.0,0.037020572,1.0,1.0,semrelated,1,crow
154.0,116.03711012229738,3.0,0.029668293,1.0,1.0,semrelated,1,gasp
157.0,38.86074619383428,8.0,0.022593186,1.0,1.0,semrelated,1,fowl
156.0,62.02600798921234,11.0,0.042106874,-1.0,1.0,semrelated,1,hack
159.0,33.09664683598665,16.0,0.044169471,1.0,1.0,semrelated,1,boot
158.0,81.73326916106475,1.0,0.05734238,-1.0,1.0,semrelated,1,lots
161.0,34.76555035865475,4.0,0.02500315,1.0,1.0,semrelated,1,font
160.0,53.394660384665926,1.0,0.020345206,-1.0,1.0,semrelated,1,anti
163.0,32.24854869941928,4.0,0.057405374,-1.0,1.0,semrelated,1,type
162.0,32.364017701242,0.0,0.050740627,1.0,1.0,semrelated,1,taxi
165.0,145.63866087843633,10.0,0.023219524,-1.0,1.0,semrelated,1,wary
164.0,34.23234634625489,8.0,0.037740501,1.0,1.0,semrelated,1,heap
167.0,44.51630793125388,6.0,0.014630766,1.0,1.0,semrelated,1,nape
166.0,46.2956364857916,12.0,0.057392776,-1.0,1.0,semrelated,1,west
169.0,19.654309732817755,1.0,0.052682637,-1.0,1.0,semrelated,1,jerk
168.0,23.85036068007452,4.0,0.016727561,-1.0,1.0,semrelated,1,gait
171.0,28.380633610528967,0.0,0.025161534,1.0,1.0,semrelated,1,judo
170.0,35.47078633581936,9.0,0.034349634,-1.0,1.0,semrelated,1,funk
173.0,71.40851790728955,12.0,0.042592826,1.0,1.0,semrelated,1,reed
172.0,113.99325561390799,10.0,0.029122946,1.0,1.0,semrelated,1,gent
175.0,78.69087358124918,7.0,0.03652562,-1.0,1.0,semrelated,1,dork
174.0,35.19132272651247,2.0,0.039957884,1.0,1.0,semrelated,1,riot
177.0,48.56663892470014,0.0,0.050080092,1.0,1.0,semrelated,1,guts
176.0,63.81819974798449,2.0,0.029841076,1.0,1.0,semrelated,1,gala
179.0,147.81757461232706,12.0,0.032260039,-1.0,1.0,semrelated,1,swam
178.0,34.98016606865617,10.0,0.04601969,1.0,1.0,semrelated,1,bush
181.0,37.46261868909369,7.0,0.031806483,1.0,1.0,semrelated,1,tong
180.0,80.657705155169,5.0,0.039981282,-1.0,1.0,semrelated,1,vain
183.0,20.260138138958684,6.0,0.038820396,-1.0,1.0,semrelated,1,doom
182.0,20.30358582656371,4.0,0.024841166,-1.0,1.0,semrelated,1,vamp
185.0,30.853085510419255,0.0,0.017598675,1.0,1.0,semrelated,1,oboe
184.0,36.65410385134404,14.0,0.044016486,-1.0,1.0,semrelated,1,lame
187.0,33.726402378147135,1.0,0.050782023,-1.0,1.0,semrelated,1,amen
186.0,34.07648102355221,3.0,0.043804107,1.0,1.0,semrelated,1,lamb
189.0,97.60542999489878,3.0,0.010836738,-1.0,1.0,semrelated,1,skew
188.0,30.31207456931478,9.0,0.042265258,1.0,1.0,semrelated,1,beam
191.0,29.520743924973022,7.0,0.033537913,1.0,1.0,semrelated,1,moss
190.0,97.31029727177197,6.0,0.014630766,-1.0,1.0,semrelated,1,meld
193.0,37.85270122986027,3.0,0.028010655,1.0,1.0,semrelated,1,gout
192.0,35.23884029840204,3.0,0.049264772,-1.0,1.0,semrelated,1,deny
195.0,17.057031759768066,2.0,0.027791076,-1.0,1.0,semrelated,1,alto
194.0,22.014628030844356,6.0,0.026047047,-1.0,1.0,semrelated,1,pout
197.0,64.97958969192425,8.0,0.04449344,1.0,1.0,semrelated,1,porn
196.0,80.39212033920602,0.0,0.044700419,1.0,1.0,semrelated,1,jazz
199.0,36.97227391160915,10.0,0.030499811,1.0,1.0,semrelated,1,dart
198.0,108.59795407007127,15.0,0.036741599,-1.0,1.0,semrelated,1,dine
201.0,23.145086982714545,8.0,0.026842569,-1.0,1.0,semrelated,1,bony
200.0,14.673597786609188,3.0,0.012580767,-1.0,1.0,semrelated,1,boxy
203.0,92.92483033297766,2.0,0.036036068,1.0,1.0,semrelated,1,bulb
202.0,83.97378891950325,4.0,0.030341427,1.0,1.0,semrelated,1,moan
205.0,30.125917758414886,13.0,0.044045284,1.0,1.0,semrelated,1,lick
204.0,95.71223498946954,2.0,0.046685625,-1.0,1.0,semrelated,1,diet
207.0,153.5407644869874,9.0,0.050645237,-1.0,1.0,semrelated,1,hire
206.0,44.74751175733421,15.0,0.026047047,1.0,1.0,semrelated,1,soot
209.0,23.781239934844944,4.0,0.051881716,-1.0,1.0,semrelated,1,gosh
208.0,23.64108332233872,4.0,0.00979284,-1.0,1.0,semrelated,1,laud
211.0,85.80021079313215,7.0,0.044928997,-1.0,1.0,semrelated,1,tend
210.0,36.485374450727505,7.0,0.031252137,1.0,1.0,semrelated,1,snot
213.0,32.201556664740664,0.0,0.017175717,1.0,1.0,semrelated,1,onyx
212.0,41.54106500754936,11.0,0.028932165,-1.0,1.0,semrelated,1,toot
215.0,67.46481072443217,8.0,0.044990191,1.0,1.0,semrelated,1,tire
214.0,88.59105044136032,0.0,0.045620129,1.0,1.0,semrelated,1,exam
217.0,123.87217635094267,4.0,0.04500279,1.0,1.0,semrelated,1,toss
216.0,134.26896100390707,11.0,0.032808985,1.0,1.0,semrelated,1,dunk
219.0,15.89672433190086,1.0,0.068576879,-1.0,1.0,semrelated,1,each
218.0,23.516142463722208,6.0,0.0214251,-1.0,1.0,semrelated,1,balm
221.0,117.50118961605736,2.0,0.02561689,1.0,1.0,semrelated,1,opal
220.0,57.4793242725098,7.0,0.044662623,1.0,1.0,semrelated,1,slim
223.0,18.66205448073587,6.0,0.0428556,-1.0,1.0,semrelated,1,scan
222.0,24.78590616429176,4.0,0.012580767,-1.0,1.0,semrelated,1,volt
225.0,32.9760097347868,5.0,0.023219524,1.0,1.0,semrelated,1,sift
224.0,52.75493066170869,8.0,0.032004464,-1.0,1.0,semrelated,1,cant
227.0,136.1752654055116,4.0,0.017998236,-1.0,1.0,semrelated,1,prim
226.0,32.93709884158859,11.0,0.042774608,1.0,1.0,semrelated,1,deed
229.0,21.964285609932894,1.0,0.045643527,-1.0,1.0,semrelated,1,blah
228.0,20.539497324621326,10.0,0.054673242,-1.0,1.0,semrelated,1,form
231.0,80.8394903683408,4.0,0.036378035,1.0,1.0,semrelated,1,curb
230.0,82.55168057397205,6.0,0.031464516,1.0,1.0,semrelated,1,skid
233.0,74.5905696648072,2.0,0.02561689,-1.0,1.0,semrelated,1,atop
232.0,37.37614495483957,8.0,0.029216537,1.0,1.0,semrelated,1,lark
235.0,21.219758986662526,7.0,0.036671406,-1.0,1.0,semrelated,1,lure
234.0,22.407929083660484,13.0,0.032629002,-1.0,1.0,semrelated,1,rave
237.0,115.15555058774946,3.0,0.017998236,1.0,1.0,semrelated,1,kiln
236.0,54.31133551635584,3.0,0.050341067,1.0,1.0,semrelated,1,path
239.0,30.147794187030364,8.0,0.045810911,1.0,1.0,semrelated,1,flow
238.0,82.41518163779082,3.0,0.035996472,-1.0,1.0,semrelated,1,whiz
241.0,29.637581753840834,4.0,0.022593186,1.0,1.0,semrelated,1,burr
240.0,37.96515660326038,4.0,0.026320621,-1.0,1.0,semrelated,1,dual
243.0,78.29781147964277,12.0,0.029754684,1.0,1.0,semrelated,1,sage
242.0,68.83891398295569,4.0,0.039192959,1.0,1.0,semrelated,1,glue
245.0,39.59506861177976,13.0,0.038654812,1.0,1.0,semrelated,1,slot
244.0,168.67534252928823,10.0,0.052230881,-1.0,1.0,semrelated,1,bond
247.0,22.434180440476762,11.0,0.033208546,-1.0,1.0,semrelated,1,tame
246.0,23.531932632541952,5.0,0.046804413,-1.0,1.0,semrelated,1,tune
249.0,20.745396110692035,9.0,0.033429924,-1.0,1.0,semrelated,1,stat
248.0,18.27430871123989,1.0,0.046073685,-1.0,1.0,semrelated,1,debt
251.0,143.27381289075498,4.0,0.012580767,-1.0,1.0,semrelated,1,fiat
250.0,31.877392178198022,5.0,0.040951387,1.0,1.0,semrelated,1,monk
253.0,69.11518425852623,8.0,0.040890193,1.0,1.0,semrelated,1,melt
252.0,122.58732342695744,2.0,0.030012059,1.0,1.0,semrelated,1,logo
255.0,33.264740064128844,6.0,0.045800112,-1.0,1.0,semrelated,1,gain
254.0,36.778759113391224,6.0,0.020903151,1.0,1.0,semrelated,1,kale
257.0,16.08010831660515,0.0,0.057668149,-1.0,1.0,semrelated,1,upon
256.0,19.75731533294624,4.0,0.023797268,-1.0,1.0,semrelated,1,drab
259.0,33.56239897606542,8.0,0.041136769,1.0,1.0,semrelated,1,bass
258.0,156.7072568243894,9.0,0.024162632,-1.0,1.0,semrelated,1,plop
261.0,41.898348658485844,13.0,0.042195065,-1.0,1.0,semrelated,1,fame
260.0,35.12366155253308,2.0,0.027791076,1.0,1.0,semrelated,1,twig
263.0,60.3574067206207,4.0,0.042387646,1.0,1.0,semrelated,1,dial
262.0,86.0206899294999,7.0,0.021671676,1.0,1.0,semrelated,1,kilt
265.0,104.48144879116526,12.0,0.045481543,1.0,1.0,semrelated,1,pile
264.0,147.31417009700246,5.0,0.047796116,1.0,1.0,semrelated,1,jean
267.0,43.7592182569239,2.0,0.02744911,-1.0,1.0,semrelated,1,feud
266.0,31.88397662378611,5.0,0.025467504,1.0,1.0,semrelated,1,yawn
269.0,32.21056997998718,7.0,0.028636994,1.0,1.0,semrelated,1,haze
268.0,53.3890746780674,11.0,0.028331024,-1.0,1.0,semrelated,1,rite
271.0,20.26001557668285,4.0,0.050494052,-1.0,1.0,semrelated,1,drew
270.0,24.511026234712553,7.0,0.048379259,-1.0,1.0,semrelated,1,ease
273.0,66.38515018125844,7.0,0.0357193,-1.0,1.0,semrelated,1,pact
272.0,37.56598304631697,6.0,0.030260434,1.0,1.0,semrelated,1,lobe
275.0,81.6526770813164,12.0,0.05009989,-1.0,1.0,semrelated,1,wide
274.0,43.65798003405766,3.0,0.043112975,1.0,1.0,semrelated,1,bait
277.0,32.878612964152516,14.0,0.045823509,1.0,1.0,semrelated,1,dame
276.0,151.31069538323146,3.0,0.010836738,-1.0,1.0,semrelated,1,yelp
279.0,31.83192354938442,3.0,0.05989813,-1.0,1.0,semrelated,1,join
278.0,36.21103939439017,0.0,0.010836738,1.0,1.0,semrelated,1,ovum
281.0,105.49677349831029,6.0,0.005419269,-1.0,1.0,semrelated,1,jeer
280.0,35.99669314013205,7.0,0.032924173,1.0,1.0,semrelated,1,harp
283.0,32.282481793065145,0.0,0.029927467,1.0,1.0,semrelated,1,hobo
282.0,34.5895112093451,1.0,0.037088965,-1.0,1.0,semrelated,1,trek
285.0,33.17688318540961,9.0,0.043732114,1.0,1.0,semrelated,1,pork
284.0,105.93691870204623,12.0,0.037357139,-1.0,1.0,semrelated,1,sunk
287.0,71.20332567405214,5.0,0.017175717,-1.0,1.0,semrelated,1,sown
286.0,31.084463382204284,1.0,0.039597919,1.0,1.0,semrelated,1,crib
289.0,90.37370603913344,4.0,0.037454329,1.0,1.0,semrelated,1,yank
288.0,55.79387410596233,10.0,0.045722719,1.0,1.0,semrelated,1,barn
291.0,18.84918910593738,5.0,0.018743363,-1.0,1.0,semrelated,1,wisp
290.0,17.888122508250458,0.0,0.036190853,-1.0,1.0,semrelated,1,jinx
293.0,44.34434371623453,8.0,0.032508414,-1.0,1.0,semrelated,1,poll
292.0,32.14018510020911,3.0,0.025467504,1.0,1.0,semrelated,1,perm
295.0,37.97798108565054,9.0,0.033590108,1.0,1.0,semrelated,1,cork
294.0,79.55505837667343,14.0,0.056699843,-1.0,1.0,semrelated,1,dare
297.0,87.40372194975686,6.0,0.041376145,1.0,1.0,semrelated,1,soil
296.0,101.82695303112423,1.0,0.042034881,1.0,1.0,semrelated,1,drum
299.0,135.5663902344518,4.0,0.021167726,-1.0,1.0,semrelated,1,blab
298.0,35.58627769584252,12.0,0.03132413,1.0,1.0,semrelated,1,lice
301.0,19.06927387992673,2.0,0.046041288,-1.0,1.0,semrelated,1,self
300.0,22.20228616206251,10.0,0.036986375,-1.0,1.0,semrelated,1,vile
303.0,38.378926238990445,7.0,0.015210309,-1.0,1.0,semrelated,1,wean
302.0,26.544790272645606,0.0,0.028834974,1.0,1.0,semrelated,1,quad
305.0,63.53437932023378,1.0,0.012580767,-1.0,1.0,semrelated,1,ashy
304.0,33.48040434080996,10.0,0.025762675,1.0,1.0,semrelated,1,mead
307.0,143.36394446665335,10.0,0.016727561,-1.0,1.0,semrelated,1,rend
306.0,30.015267075952842,4.0,0.05092241,1.0,1.0,semrelated,1,drag
309.0,37.748717025400424,4.0,0.02744911,1.0,1.0,semrelated,1,duet
308.0,45.10562871254109,2.0,0.055420169,-1.0,1.0,semrelated,1,plus
311.0,152.5057558562661,6.0,0.036917982,-1.0,1.0,semrelated,1,fled
310.0,35.01197685719181,15.0,0.042952791,1.0,1.0,semrelated,1,mill
313.0,20.744662981339893,9.0,0.03652562,-1.0,1.0,semrelated,1,ripe
312.0,25.89945423581027,1.0,0.023016144,-1.0,1.0,semrelated,1,gory
315.0,111.70710443213076,8.0,0.00979284,1.0,1.0,semrelated,1,spay
314.0,79.67631869202148,3.0,0.027791076,1.0,1.0,semrelated,1,hurl
317.0,104.06023674121325,3.0,0.044059682,1.0,1.0,semrelated,1,shed
316.0,65.88345995823947,12.0,0.045051385,1.0,1.0,semrelated,1,slap
319.0,23.405907708958246,13.0,0.035636508,-1.0,1.0,semrelated,1,lent
318.0,25.615716238336223,0.0,0.053141592,-1.0,1.0,semrelated,1,liar
321.0,24.869086798562847,13.0,0.017175717,-1.0,1.0,semrelated,1,rile
320.0,14.735170363589612,0.0,0.040393441,-1.0,1.0,semrelated,1,echo
323.0,92.4680386070293,4.0,0.018743363,-1.0,1.0,semrelated,1,doer
322.0,34.59433715541893,5.0,0.028224834,1.0,1.0,semrelated,1,wasp
325.0,33.91385843055924,5.0,0.045186372,1.0,1.0,semrelated,1,chin
324.0,105.13339950311077,12.0,0.046095283,-1.0,1.0,semrelated,1,ward
327.0,153.8672932591973,10.0,0.039887691,1.0,1.0,semrelated,1,fart
326.0,191.5439812194734,12.0,0.030656396,1.0,1.0,semrelated,1,dome
329.0,19.47285733565179,2.0,0.044803009,-1.0,1.0,semrelated,1,july
328.0,21.2961338743441,7.0,0.054669642,-1.0,1.0,semrelated,1,main
331.0,77.20680522165858,10.0,0.046244668,1.0,1.0,semrelated,1,port
330.0,197.61367229588487,6.0,0.020345206,1.0,1.0,semrelated,1,leer
333.0,31.867160088738473,2.0,0.030656396,1.0,1.0,semrelated,1,hula
332.0,48.143194760152916,3.0,0.025161534,-1.0,1.0,semrelated,1,racy
335.0,106.79443216083446,10.0,0.023797268,-1.0,1.0,semrelated,1,toke
334.0,30.161479622398872,3.0,0.042558629,1.0,1.0,semrelated,1,chew
337.0,42.08923141539624,4.0,0.017175717,1.0,1.0,semrelated,1,hemp
336.0,45.70808817237695,10.0,0.060432678,-1.0,1.0,semrelated,1,fool
339.0,45.64289161695709,11.0,0.026047047,-1.0,1.0,semrelated,1,gore
338.0,22.92847625100668,12.0,0.038764601,1.0,1.0,semrelated,1,dove
341.0,20.35667459451967,3.0,0.065799752,-1.0,1.0,semrelated,1,free
340.0,23.483423375202182,3.0,0.023797268,-1.0,1.0,semrelated,1,coax
343.0,73.3607137844629,1.0,0.043298357,1.0,1.0,semrelated,1,menu
342.0,74.93308355760577,9.0,0.026586994,1.0,1.0,semrelated,1,spam
345.0,34.78272635918442,0.0,0.028834974,1.0,1.0,semrelated,1,luau
344.0,29.22394455308438,0.0,0.058870431,-1.0,1.0,semrelated,1,evil
347.0,70.71289486336629,1.0,0.019423696,-1.0,1.0,semrelated,1,ajar
346.0,31.373473166275158,8.0,0.040281852,1.0,1.0,semrelated,1,loop
349.0,77.94782257538472,6.0,0.042675618,-1.0,1.0,semrelated,1,hint
348.0,34.236149295895814,3.0,0.045515739,1.0,1.0,semrelated,1,palm
351.0,40.01990545447138,8.0,0.018379799,1.0,1.0,semrelated,1,vise
350.0,103.00609776899773,11.0,0.030733788,-1.0,1.0,semrelated,1,gall
353.0,79.18047711624675,13.0,0.047805115,-1.0,1.0,semrelated,1,lack
352.0,38.73672933724306,7.0,0.033320135,1.0,1.0,semrelated,1,woof
355.0,21.672583444467264,7.0,0.028118644,-1.0,1.0,semrelated,1,perk
354.0,17.703915169726642,2.0,0.038255251,-1.0,1.0,semrelated,1,heir
357.0,99.73185196290027,2.0,0.023417505,1.0,1.0,semrelated,1,purr
356.0,58.66920234070593,3.0,0.043658321,1.0,1.0,semrelated,1,twin
359.0,147.75165325148728,1.0,0.008588758,-1.0,1.0,semrelated,1,bios
358.0,33.46148678616006,16.0,0.041907093,1.0,1.0,semrelated,1,cane
361.0,106.8812177043723,5.0,0.052416263,1.0,1.0,semrelated,1,soft
360.0,131.29507438021355,7.0,0.044752614,1.0,1.0,semrelated,1,clay
363.0,18.877241229039903,3.0,0.040699411,-1.0,1.0,semrelated,1,fuss
362.0,23.332286280862082,10.0,0.020903151,-1.0,1.0,semrelated,1,bide
365.0,33.010641855073445,1.0,0.012580767,1.0,1.0,semrelated,1,cyan
364.0,35.48046970300212,13.0,0.044306258,-1.0,1.0,semrelated,1,heal
367.0,151.55875680870514,4.0,0.008588758,-1.0,1.0,semrelated,1,rasp
366.0,33.51740027207524,14.0,0.029841076,1.0,1.0,semrelated,1,dill
369.0,124.61763284054548,9.0,0.032569608,1.0,1.0,semrelated,1,wick
368.0,101.02862039406823,5.0,0.036113461,1.0,1.0,semrelated,1,mutt
371.0,32.90816434989888,11.0,0.045328558,1.0,1.0,semrelated,1,sack
370.0,130.73151140772455,3.0,0.023797268,-1.0,1.0,semrelated,1,clog
373.0,39.33873850415293,11.0,0.049061392,-1.0,1.0,semrelated,1,cure
372.0,34.62890992761924,4.0,0.030656396,1.0,1.0,semrelated,1,barf
375.0,15.28134068767464,1.0,0.065213009,-1.0,1.0,semrelated,1,news
374.0,21.33418786411318,11.0,0.032924173,-1.0,1.0,semrelated,1,peed
377.0,158.71694951947444,4.0,0.020629578,1.0,1.0,semrelated,1,tyke
376.0,84.98308548069755,13.0,0.029216537,1.0,1.0,semrelated,1,mast
379.0,82.61066080678867,5.0,0.048379259,-1.0,1.0,semrelated,1,bout
378.0,33.45986855495053,6.0,0.038710606,1.0,1.0,semrelated,1,grid
381.0,67.96736955063793,16.0,0.045027987,-1.0,1.0,semrelated,1,rear
380.0,36.791204257336645,3.0,0.040634618,1.0,1.0,semrelated,1,haul
383.0,21.106319841230146,9.0,0.031806483,-1.0,1.0,semrelated,1,goon
382.0,19.322367984761588,2.0,0.025906661,-1.0,1.0,semrelated,1,verb
385.0,82.24143903837464,5.0,0.02214683,1.0,1.0,semrelated,1,blog
384.0,55.10130068925322,6.0,0.037709904,1.0,1.0,semrelated,1,crop
387.0,29.913290193298923,1.0,0.044990191,1.0,1.0,semrelated,1,inch
386.0,54.40487833948521,6.0,0.034301038,-1.0,1.0,semrelated,1,frat
389.0,16.51841319243423,0.0,0.027902666,-1.0,1.0,semrelated,1,aqua
388.0,20.572471103849985,11.0,0.050591242,-1.0,1.0,semrelated,1,warn
391.0,42.39651861602726,7.0,0.023417505,1.0,1.0,semrelated,1,carp
390.0,44.14045713923041,2.0,0.06653228,-1.0,1.0,semrelated,1,high
393.0,75.2863496044774,5.0,0.046674826,-1.0,1.0,semrelated,1,earn
392.0,32.96386033428092,5.0,0.042177067,1.0,1.0,semrelated,1,pimp
395.0,80.15480246165001,3.0,0.027090945,1.0,1.0,semrelated,1,kelp
394.0,101.8428368179631,6.0,0.012580767,1.0,1.0,semrelated,1,posy
397.0,129.16005654904325,2.0,0.013325894,-1.0,1.0,semrelated,1,heft
396.0,31.106932208402792,9.0,0.046073685,1.0,1.0,semrelated,1,corn
399.0,22.320131391723073,10.0,0.035798492,-1.0,1.0,semrelated,1,slit
398.0,21.742140967855924,7.0,0.037614514,-1.0,1.0,semrelated,1,mild
401.0,106.07863762402872,4.0,0.050542647,1.0,1.0,semrelated,1,soup
400.0,79.22797079578284,10.0,0.045161174,1.0,1.0,semrelated,1,pump
403.0,26.57533776872624,7.0,0.008588758,1.0,1.0,semrelated,1,cowl
402.0,33.242892576963506,7.0,0.025467504,-1.0,1.0,semrelated,1,toil
405.0,37.359723919051376,3.0,0.025316319,1.0,1.0,semrelated,1,gulp
404.0,52.77529292378605,10.0,0.044713018,-1.0,1.0,semrelated,1,link
407.0,21.737391383084212,4.0,0.024841166,-1.0,1.0,semrelated,1,sass
406.0,15.337083493420309,0.0,0.042968989,-1.0,1.0,semrelated,1,envy
409.0,45.97176842847681,3.0,0.025906661,-1.0,1.0,semrelated,1,cuss
408.0,32.60249825701716,2.0,0.024677382,1.0,1.0,semrelated,1,acne
411.0,34.5222427746656,3.0,0.036705603,1.0,1.0,semrelated,1,turf
410.0,61.21080006636671,8.0,0.044318857,-1.0,1.0,semrelated,1,slut
413.0,56.26188208921028,6.0,0.026047047,-1.0,1.0,semrelated,1,rift
412.0,34.573704950368565,9.0,0.025316319,1.0,1.0,semrelated,1,hive
415.0,38.817795096222724,12.0,0.03816706,1.0,1.0,semrelated,1,hunk
414.0,106.05997490130328,5.0,0.063308796,-1.0,1.0,semrelated,1,poor
417.0,104.84497414303159,12.0,0.03837224,1.0,1.0,semrelated,1,dose
416.0,136.58139101573957,13.0,0.019742265,1.0,1.0,semrelated,1,pane
419.0,30.5299544548106,4.0,0.025161534,1.0,1.0,semrelated,1,stub
418.0,58.562187449754994,1.0,0.023016144,-1.0,1.0,semrelated,1,mono
421.0,19.760690675072475,11.0,0.043390148,-1.0,1.0,semrelated,1,worn
420.0,20.300045511344173,7.0,0.031394323,-1.0,1.0,semrelated,1,poof
423.0,42.174975941278944,1.0,0.066480085,-1.0,1.0,semrelated,1,john
422.0,32.71945569182378,3.0,0.043643923,1.0,1.0,semrelated,1,plug
425.0,52.27456388451576,1.0,0.046674826,1.0,1.0,semrelated,1,lion
424.0,115.98614251505714,4.0,0.007163298,1.0,1.0,semrelated,1,jowl
427.0,18.075229490087242,1.0,0.037740501,-1.0,1.0,semrelated,1,numb
426.0,17.972707302081155,7.0,0.046694624,-1.0,1.0,semrelated,1,flew
429.0,85.75085790906395,7.0,0.039270352,1.0,1.0,semrelated,1,peak
428.0,121.9551349724724,6.0,0.029027555,1.0,1.0,semrelated,1,yarn
431.0,22.545054229319664,5.0,0.026047047,-1.0,1.0,semrelated,1,veer
430.0,19.37201382779939,6.0,0.019742265,-1.0,1.0,semrelated,1,slur
433.0,40.43711160899924,0.0,0.017175717,-1.0,1.0,semrelated,1,zips
432.0,27.33254397747779,2.0,0.037834092,1.0,1.0,semrelated,1,quiz
435.0,33.998580675785504,2.0,0.027211533,1.0,1.0,semrelated,1,germ
434.0,32.81417951732011,1.0,0.067378197,-1.0,1.0,semrelated,1,goes
437.0,45.38032217789139,11.0,0.023610086,1.0,1.0,semrelated,1,bile
436.0,105.44357549635922,8.0,0.047185976,-1.0,1.0,semrelated,1,math
439.0,30.54130138546778,11.0,0.039981282,1.0,1.0,semrelated,1,beep
438.0,155.6005764319515,9.0,0.005419269,-1.0,1.0,semrelated,1,gape
441.0,15.911942655199322,4.0,0.043237163,-1.0,1.0,semrelated,1,oath
440.0,24.67534843265322,14.0,0.050458055,-1.0,1.0,semrelated,1,rate
443.0,55.97409127949796,4.0,0.041626321,1.0,1.0,semrelated,1,tray
442.0,69.85597107746861,7.0,0.029027555,1.0,1.0,semrelated,1,stag
445.0,134.4547826444296,4.0,0.027677688,1.0,1.0,semrelated,1,newt
444.0,76.45695437769697,11.0,0.040051475,1.0,1.0,semrelated,1,mice
447.0,18.662483126581463,2.0,0.019742265,-1.0,1.0,semrelated,1,dyer
446.0,20.533227349813295,8.0,0.020629578,-1.0,1.0,semrelated,1,musk
449.0,33.03538855822673,3.0,0.02500315,1.0,1.0,semrelated,1,gimp
448.0,59.11504379085752,2.0,0.012580767,-1.0,1.0,semrelated,1,serf
451.0,67.19441086032239,9.0,0.040415039,1.0,1.0,semrelated,1,bolt
450.0,96.11617663450363,0.0,0.038485628,1.0,1.0,semrelated,1,ammo
453.0,40.52049739783518,10.0,0.023016144,1.0,1.0,semrelated,1,punt
452.0,65.12955751506807,3.0,0.041217761,-1.0,1.0,semrelated,1,unto
455.0,18.3679266284467,9.0,0.03816706,-1.0,1.0,semrelated,1,mode
454.0,21.56493154815938,11.0,0.014006227,-1.0,1.0,semrelated,1,dote
457.0,99.081702848422,3.0,0.019090729,1.0,1.0,semrelated,1,oxen
456.0,64.77728252019398,12.0,0.02500315,1.0,1.0,semrelated,1,pail
459.0,35.007079870797135,9.0,0.041196163,-1.0,1.0,semrelated,1,hush
458.0,28.745473062868758,13.0,0.036599413,1.0,1.0,semrelated,1,hull
461.0,32.47883122366759,3.0,0.037054769,1.0,1.0,semrelated,1,loaf
460.0,116.67820522062473,11.0,0.005419269,-1.0,1.0,semrelated,1,balk
463.0,22.40802960135725,3.0,0.023797268,-1.0,1.0,semrelated,1,blip
462.0,20.620891771434223,5.0,0.053236983,-1.0,1.0,semrelated,1,babe
465.0,105.7553779899562,5.0,0.049149583,1.0,1.0,semrelated,1,horn
464.0,92.81543021209784,13.0,0.040371844,1.0,1.0,semrelated,1,bean
467.0,64.35653971956555,13.0,0.029580101,1.0,1.0,semrelated,1,gill
466.0,102.37121667332521,0.0,0.026185634,1.0,1.0,semrelated,1,anus
469.0,26.71732778001885,12.0,0.040326848,-1.0,1.0,semrelated,1,pose
468.0,21.452557195215615,4.0,0.027564299,-1.0,1.0,semrelated,1,twat
471.0,22.596552795993137,8.0,0.032629002,-1.0,1.0,semrelated,1,gaze
470.0,18.89555160675892,2.0,0.048883209,-1.0,1.0,semrelated,1,josh
473.0,21.543675150853,10.0,0.032866579,-1.0,1.0,semrelated,1,mend
472.0,20.669223277427143,4.0,0.028636994,-1.0,1.0,semrelated,1,cram
475.0,66.35746223722487,8.0,0.026842569,1.0,1.0,semrelated,1,dusk
474.0,122.46468705038387,1.0,0.017998236,1.0,1.0,semrelated,1,wren
477.0,33.67762136058953,12.0,0.03969511,1.0,1.0,semrelated,1,bunk
476.0,99.83370445691762,0.0,0.036378035,-1.0,1.0,semrelated,1,void
479.0,34.84901995191054,1.0,0.041257357,1.0,1.0,semrelated,1,auto
478.0,48.95593957904031,8.0,0.047967099,-1.0,1.0,semrelated,1,noon
481.0,105.20129258440434,10.0,0.031252137,-1.0,1.0,semrelated,1,boon
480.0,31.284645985049842,10.0,0.040569824,1.0,1.0,semrelated,1,cord
483.0,31.374348834189867,9.0,0.032981768,1.0,1.0,semrelated,1,flap
482.0,81.2883799821108,10.0,0.038654812,-1.0,1.0,semrelated,1,warp
485.0,24.00166976051822,2.0,0.0214251,-1.0,1.0,semrelated,1,coed
484.0,18.30076660894749,3.0,0.047745721,-1.0,1.0,semrelated,1,clue
487.0,49.10219388635721,1.0,0.039218157,1.0,1.0,semrelated,1,stir
486.0,67.06589808813939,0.0,0.022593186,1.0,1.0,semrelated,1,czar
489.0,62.80051109249646,7.0,0.03193787,1.0,1.0,semrelated,1,flop
488.0,78.1880995371837,0.0,0.036705603,1.0,1.0,semrelated,1,iced
491.0,19.996598873212807,7.0,0.02500315,-1.0,1.0,semrelated,1,blot
490.0,17.634073498947167,1.0,0.016254207,-1.0,1.0,semrelated,1,crux
493.0,63.821443166906214,8.0,0.04000468,1.0,1.0,semrelated,1,hike
492.0,94.45227922455214,1.0,0.026047047,1.0,1.0,semrelated,1,smog
495.0,20.844311737115483,6.0,0.052358669,-1.0,1.0,semrelated,1,harm
494.0,17.19802882016669,1.0,0.041257357,-1.0,1.0,semrelated,1,ahem
497.0,45.09878237592019,17.0,0.019742265,1.0,1.0,semrelated,1,pore
496.0,153.28556349900495,11.0,0.038764601,-1.0,1.0,semrelated,1,lust
499.0,32.961739154076014,10.0,0.037258149,1.0,1.0,semrelated,1,pike
498.0,92.47378420824654,1.0,0.023610086,-1.0,1.0,semrelated,1,saga
501.0,33.944132759985514,2.0,0.051008801,1.0,1.0,semrelated,1,tied
500.0,99.40259456610248,7.0,0.028010655,-1.0,1.0,semrelated,1,rung
503.0,35.611977153438964,5.0,0.028224834,1.0,1.0,semrelated,1,spur
502.0,51.0711087232985,2.0,0.058316085,-1.0,1.0,semrelated,1,holy
505.0,19.427744319531474,5.0,0.058379079,-1.0,1.0,semrelated,1,tony
504.0,30.33805297289279,3.0,0.017598675,-1.0,1.0,semrelated,1,wiry
507.0,24.236089736371618,10.0,0.019742265,-1.0,1.0,semrelated,1,mull
506.0,21.50930557911108,9.0,0.044964993,-1.0,1.0,semrelated,1,fond
509.0,75.89004133046564,0.0,0.023610086,1.0,1.0,semrelated,1,kiwi
508.0,57.76123340338521,6.0,0.040460035,1.0,1.0,semrelated,1,geek
511.0,57.49197055807904,8.0,0.02744911,1.0,1.0,semrelated,1,tush
510.0,42.59729743729204,4.0,0.047205774,1.0,1.0,semrelated,1,tube
