WordInds,LexSemErr,ONsize,Frequency,Concreteness,ItemCrossedThreshold,IsWord_name,IsWord_code,Word
0.0,265.1932140656819,2.0,0.019423696,-1.0,1.0,Word,1,trod
920.0,228.32421439232675,2.0,0.030094851,-1.0,1.0,Word,1,acre
3.0,303.7582775464327,7.0,0.027564299,-1.0,1.0,Word,1,slew
352.0,286.4836980057852,7.0,0.033320135,1.0,1.0,Word,1,woof
18.0,269.5851011529552,5.0,0.027902666,-1.0,1.0,Word,1,jolt
155.0,297.24002883124825,5.0,0.037020572,1.0,1.0,Word,1,crow
34.0,224.2317340603051,2.0,0.00979284,-1.0,1.0,Word,1,awed
971.0,197.63052236836845,2.0,0.013325894,-1.0,1.0,Word,1,etch
38.0,326.9309147382005,16.0,0.041907093,-1.0,1.0,Word,1,bare
381.0,304.30567542743904,16.0,0.045027987,-1.0,1.0,Word,1,rear
42.0,277.55549931735993,6.0,0.037223952,-1.0,1.0,Word,1,flee
1076.0,250.08115640555053,6.0,0.024162632,-1.0,1.0,Word,1,skim
47.0,311.8149766613448,13.0,0.023016144,-1.0,1.0,Word,1,hone
540.0,292.1281761994164,13.0,0.054021706,-1.0,1.0,Word,1,bell
57.0,287.82866906017784,7.0,0.044479041,-1.0,1.0,Word,1,plot
1406.0,267.666591638393,7.0,0.020903151,-1.0,1.0,Word,1,daze
58.0,250.97105692050332,2.0,0.025906661,-1.0,1.0,Word,1,tier
150.0,194.05760966851068,2.0,0.064982632,-1.0,1.0,Word,1,able
59.0,310.89691670605697,11.0,0.042177067,1.0,1.0,Word,1,fold
961.0,295.6255763849109,11.0,0.020345206,-1.0,1.0,Word,1,teal
61.0,306.0789303923392,7.0,0.029841076,1.0,1.0,Word,1,dung
420.0,273.904675061045,7.0,0.031394323,-1.0,1.0,Word,1,poof
63.0,247.1711287684388,4.0,0.050794622,-1.0,1.0,Word,1,thee
445.0,256.7245179148934,4.0,0.027677688,1.0,1.0,Word,1,newt
66.0,300.5148350546155,8.0,0.043960692,1.0,1.0,Word,1,torn
563.0,289.3217009182161,8.0,0.016254207,-1.0,1.0,Word,1,leek
72.0,239.61361786844265,3.0,0.044928997,-1.0,1.0,Word,1,coma
931.0,245.18786779221637,3.0,0.038107665,-1.0,1.0,Word,1,drip
74.0,308.69512973466954,11.0,0.03153471,-1.0,1.0,Word,1,dire
1061.0,285.6817160607492,11.0,0.054169291,-1.0,1.0,Word,1,heat
80.0,269.5220585732817,5.0,0.027211533,-1.0,1.0,Word,1,stow
1263.0,241.00370245663376,5.0,0.06509782,-1.0,1.0,Word,1,hour
83.0,265.1633815412557,8.0,0.055826929,-1.0,1.0,Word,1,east
652.0,285.943301938626,8.0,0.028118644,-1.0,1.0,Word,1,rump
91.0,317.077232025838,15.0,0.007163298,-1.0,1.0,Word,1,sate
1206.0,297.4027487796832,15.0,0.054887421,-1.0,1.0,Word,1,fill
102.0,273.8352012649159,6.0,0.032808985,-1.0,1.0,Word,1,reap
1195.0,252.52758424730683,6.0,0.068654272,-1.0,1.0,Word,1,four
103.0,219.60435931325645,2.0,0.020903151,-1.0,1.0,Word,1,awry
1249.0,197.60202525713242,2.0,0.03652562,-1.0,1.0,Word,1,itch
119.0,206.45020844694767,1.0,0.017998236,-1.0,1.0,Word,1,ogle
1405.0,175.74052165283976,1.0,0.026586994,-1.0,1.0,Word,1,afar
141.0,305.18021015270824,10.0,0.040827199,1.0,1.0,Word,1,tick
728.0,283.5031146426703,10.0,0.026455607,-1.0,1.0,Word,1,sash
143.0,250.45288631343175,4.0,0.016254207,-1.0,1.0,Word,1,axed
306.0,274.07140967581364,4.0,0.05092241,1.0,1.0,Word,1,drag
188.0,305.7640719810243,9.0,0.042265258,1.0,1.0,Word,1,beam
764.0,283.9607802325277,9.0,0.060324688,-1.0,1.0,Word,1,land
197.0,299.1292082419846,8.0,0.04449344,1.0,1.0,Word,1,porn
891.0,282.6203204497131,8.0,0.043435143,-1.0,1.0,Word,1,leak
200.0,218.2477155140802,3.0,0.012580767,-1.0,1.0,Word,1,boxy
292.0,289.3435277911507,3.0,0.025467504,1.0,1.0,Word,1,perm
217.0,279.2332058388494,4.0,0.04500279,1.0,1.0,Word,1,toss
309.0,289.9598004367398,4.0,0.02744911,1.0,1.0,Word,1,duet
224.0,300.87667973267605,8.0,0.032004464,-1.0,1.0,Word,1,cant
1553.0,262.81137605224245,8.0,0.086809093,-1.0,1.0,Word,1,good
225.0,304.4157125252485,5.0,0.023219524,1.0,1.0,Word,1,sift
1237.0,261.5164818522884,5.0,0.053377369,-1.0,1.0,Word,1,pray
226.0,311.490588898553,11.0,0.042774608,1.0,1.0,Word,1,deed
1365.0,289.6897322805619,11.0,0.069192419,-1.0,1.0,Word,1,lost
234.0,289.3271308099214,13.0,0.032629002,-1.0,1.0,Word,1,rave
1099.0,298.2111337873565,13.0,0.027791076,-1.0,1.0,Word,1,fest
241.0,277.7541768358269,4.0,0.022593186,1.0,1.0,Word,1,burr
604.0,245.51701631652708,4.0,0.035555516,-1.0,1.0,Word,1,knot
252.0,252.60484736523182,2.0,0.030012059,1.0,1.0,Word,1,logo
622.0,189.77752918612072,2.0,0.067531182,-1.0,1.0,Word,1,eyes
262.0,316.9459838831975,7.0,0.021671676,1.0,1.0,Word,1,kilt
947.0,272.07949707226,7.0,0.044977592,-1.0,1.0,Word,1,bump
276.0,234.97150898777613,3.0,0.010836738,-1.0,1.0,Word,1,yelp
363.0,252.08763248869724,3.0,0.040699411,-1.0,1.0,Word,1,fuss
8.0,307.2550646637039,6.0,0.032808985,1.0,1.0,Word,1,gram
281.0,258.04954316880196,6.0,0.005419269,-1.0,1.0,Word,1,jeer
284.0,317.01932859625987,12.0,0.037357139,-1.0,1.0,Word,1,sunk
792.0,272.55305752439733,12.0,0.067952341,-1.0,1.0,Word,1,game
285.0,316.77763149356105,9.0,0.043732114,1.0,1.0,Word,1,pork
1178.0,294.4151562966521,9.0,0.032386026,-1.0,1.0,Word,1,runt
51.0,309.02954159470653,9.0,0.023797268,-1.0,1.0,Word,1,bunt
295.0,311.2556792822696,9.0,0.033590108,1.0,1.0,Word,1,cork
336.0,294.6085893309744,10.0,0.060432678,-1.0,1.0,Word,1,fool
362.0,293.8730424631981,10.0,0.020903151,-1.0,1.0,Word,1,bide
338.0,313.3634814330321,12.0,0.038764601,1.0,1.0,Word,1,dove
1410.0,283.99615368026707,12.0,0.072943252,-1.0,1.0,Word,1,real
353.0,311.298330320761,13.0,0.047805115,-1.0,1.0,Word,1,lack
1202.0,279.6234364898805,13.0,0.087872788,-1.0,1.0,Word,1,well
355.0,291.5148245659608,7.0,0.028118644,-1.0,1.0,Word,1,perk
662.0,254.48708288967495,7.0,0.054905419,-1.0,1.0,Word,1,skin
377.0,268.6373590725937,4.0,0.020629578,1.0,1.0,Word,1,tyke
1084.0,244.39193531388864,4.0,0.032508414,-1.0,1.0,Word,1,buff
384.0,298.74177563259616,6.0,0.037709904,1.0,1.0,Word,1,crop
679.0,286.7434405835549,6.0,0.015210309,-1.0,1.0,Word,1,tusk
110.0,305.60502503078544,11.0,0.024841166,-1.0,1.0,Word,1,fend
388.0,299.94156164601407,11.0,0.050591242,-1.0,1.0,Word,1,warn
401.0,278.03930684549175,4.0,0.050542647,1.0,1.0,Word,1,soup
557.0,249.7973097660475,4.0,0.044977592,-1.0,1.0,Word,1,lawn
416.0,348.4526719971503,13.0,0.019742265,1.0,1.0,Word,1,pane
467.0,320.8723725713004,13.0,0.029580101,1.0,1.0,Word,1,gill
221.0,251.67311983404502,2.0,0.02561689,1.0,1.0,Word,1,opal
432.0,220.9256382829089,2.0,0.037834092,1.0,1.0,Word,1,quiz
440.0,301.79425459793424,14.0,0.050458055,-1.0,1.0,Word,1,rate
849.0,321.2162491230944,14.0,0.016727561,-1.0,1.0,Word,1,teat
451.0,322.35485270901296,9.0,0.040415039,1.0,1.0,Word,1,bolt
521.0,283.8320889092082,9.0,0.048854412,-1.0,1.0,Word,1,sand
293.0,299.4676744174484,8.0,0.032508414,-1.0,1.0,Word,1,poll
475.0,318.06717449684965,8.0,0.026842569,1.0,1.0,Word,1,dusk
482.0,299.4503486302177,10.0,0.038654812,-1.0,1.0,Word,1,warp
575.0,294.3582213425717,10.0,0.050278073,-1.0,1.0,Word,1,belt
395.0,262.62424026196567,3.0,0.027090945,1.0,1.0,Word,1,kelp
484.0,258.91539808732745,3.0,0.047745721,-1.0,1.0,Word,1,clue
191.0,297.00272051470756,7.0,0.033537913,1.0,1.0,Word,1,moss
491.0,291.92056047654546,7.0,0.02500315,-1.0,1.0,Word,1,blot
507.0,303.0500715889815,10.0,0.019742265,-1.0,1.0,Word,1,mull
1187.0,280.0192376746489,10.0,0.039398139,-1.0,1.0,Word,1,dash
256.0,259.0339878079409,4.0,0.023797268,-1.0,1.0,Word,1,drab
510.0,267.5818278788615,4.0,0.047205774,1.0,1.0,Word,1,tube
170.0,286.9051156479043,9.0,0.034349634,-1.0,1.0,Word,1,funk
519.0,272.77678820747644,9.0,0.050753226,-1.0,1.0,Word,1,bike
525.0,284.95767675325146,7.0,0.040569824,-1.0,1.0,Word,1,mule
874.0,289.5736113835154,7.0,0.015750256,-1.0,1.0,Word,1,foal
531.0,251.2199745940069,5.0,0.064665863,-1.0,1.0,Word,1,hair
1025.0,221.35713454664233,5.0,0.025316319,-1.0,1.0,Word,1,flex
533.0,212.5881084031975,2.0,0.057295585,-1.0,1.0,Word,1,arms
1516.0,235.6900175236878,2.0,0.030733788,-1.0,1.0,Word,1,loco
520.0,285.82515110024804,8.0,0.05040766,-1.0,1.0,Word,1,doll
538.0,287.48976112054515,8.0,0.04530516,-1.0,1.0,Word,1,lamp
544.0,305.84641140003947,14.0,0.047693526,-1.0,1.0,Word,1,tent
1421.0,277.8080970926953,14.0,0.06509962,-1.0,1.0,Word,1,save
546.0,267.1066175878889,8.0,0.040348446,-1.0,1.0,Word,1,swan
658.0,265.29806700576813,8.0,0.072885657,-1.0,1.0,Word,1,room
551.0,294.05947416832123,9.0,0.027677688,-1.0,1.0,Word,1,lint
887.0,281.6625064611397,9.0,0.060367884,-1.0,1.0,Word,1,dark
179.0,298.3757980382416,12.0,0.032260039,-1.0,1.0,Word,1,swam
554.0,291.5116728044307,12.0,0.049730926,-1.0,1.0,Word,1,rope
565.0,291.75443747664434,11.0,0.042490236,-1.0,1.0,Word,1,sock
1134.0,275.15470779313216,11.0,0.070983244,-1.0,1.0,Word,1,live
566.0,288.27463256387915,11.0,0.065774554,-1.0,1.0,Word,1,book
915.0,281.3085978872879,11.0,0.042904195,-1.0,1.0,Word,1,cent
369.0,295.10953044472035,9.0,0.032569608,1.0,1.0,Word,1,wick
568.0,284.35116996738043,9.0,0.058397077,-1.0,1.0,Word,1,tape
97.0,357.24839027339397,14.0,0.007163298,1.0,1.0,Word,1,slat
574.0,312.71960396516937,14.0,0.050807221,-1.0,1.0,Word,1,bone
576.0,284.6461309617089,10.0,0.044597829,-1.0,1.0,Word,1,weed
1211.0,288.1013074779843,10.0,0.068827055,-1.0,1.0,Word,1,part
529.0,279.36642735772097,6.0,0.033748493,-1.0,1.0,Word,1,sled
577.0,268.9445560351155,6.0,0.04438725,-1.0,1.0,Word,1,dish
580.0,273.3766845026667,5.0,0.041683915,-1.0,1.0,Word,1,pony
901.0,275.1452489532962,5.0,0.024509998,-1.0,1.0,Word,1,brim
584.0,301.12082399765967,12.0,0.026320621,-1.0,1.0,Word,1,bead
609.0,292.9665803363531,12.0,0.04653444,-1.0,1.0,Word,1,rice
591.0,235.4014392247906,5.0,0.034725797,-1.0,1.0,Word,1,flea
921.0,272.7345184286208,5.0,0.021912853,-1.0,1.0,Word,1,weld
594.0,288.2854513539629,11.0,0.059117007,-1.0,1.0,Word,1,beer
1512.0,268.2264705022202,11.0,0.090144166,-1.0,1.0,Word,1,like
304.0,316.7444534326981,10.0,0.025762675,1.0,1.0,Word,1,mead
600.0,270.73636272399347,10.0,0.069611778,-1.0,1.0,Word,1,face
232.0,314.26739643248334,8.0,0.029216537,1.0,1.0,Word,1,lark
601.0,278.3372514862224,8.0,0.0612264,-1.0,1.0,Word,1,ship
613.0,272.4543847383833,7.0,0.040972985,-1.0,1.0,Word,1,heel
1058.0,279.77267943213764,7.0,0.033748493,-1.0,1.0,Word,1,damp
626.0,266.6614567671393,7.0,0.051082594,-1.0,1.0,Word,1,wood
1416.0,287.29361515467997,7.0,0.030499811,-1.0,1.0,Word,1,muse
635.0,251.80858389488645,10.0,0.058596858,-1.0,1.0,Word,1,jail
638.0,300.9926918385128,10.0,0.038793398,-1.0,1.0,Word,1,poop
346.0,305.54382032600813,8.0,0.040281852,1.0,1.0,Word,1,loop
654.0,279.040134496286,8.0,0.050670434,-1.0,1.0,Word,1,tank
667.0,234.76682433355373,3.0,0.038710606,-1.0,1.0,Word,1,cola
896.0,227.09124205116206,3.0,0.043298357,-1.0,1.0,Word,1,acid
561.0,296.85164314710494,13.0,0.027677688,-1.0,1.0,Word,1,pear
676.0,292.1079006001792,13.0,0.041815302,-1.0,1.0,Word,1,cape
681.0,258.576250833916,5.0,0.062194705,-1.0,1.0,Word,1,road
1094.0,254.47185511961297,5.0,0.076604093,-1.0,1.0,Word,1,stop
690.0,265.95059101122456,6.0,0.050027897,-1.0,1.0,Word,1,piss
712.0,265.9201540014763,6.0,0.032323032,-1.0,1.0,Word,1,gong
506.0,298.1978010937279,9.0,0.044964993,-1.0,1.0,Word,1,fond
713.0,275.4214642543862,9.0,0.059700149,-1.0,1.0,Word,1,star
666.0,270.57223893070426,6.0,0.047693526,-1.0,1.0,Word,1,flag
716.0,271.971287117368,6.0,0.043112975,-1.0,1.0,Word,1,bald
442.0,291.63040902658577,7.0,0.029027555,1.0,1.0,Word,1,stag
717.0,285.29287423511744,7.0,0.033644103,-1.0,1.0,Word,1,ramp
161.0,296.03702607452794,4.0,0.02500315,1.0,1.0,Word,1,font
725.0,255.1641519390496,4.0,0.022593186,-1.0,1.0,Word,1,axes
733.0,294.0111729336419,12.0,0.056861828,-1.0,1.0,Word,1,lock
1011.0,291.4464473917799,12.0,0.064028725,-1.0,1.0,Word,1,date
739.0,237.2628031565468,3.0,0.037389536,-1.0,1.0,Word,1,lens
939.0,245.34663015472233,3.0,0.042675618,-1.0,1.0,Word,1,grey
741.0,295.98746212185904,11.0,0.046359857,-1.0,1.0,Word,1,seal
1382.0,272.2048547524315,11.0,0.069068231,-1.0,1.0,Word,1,late
745.0,256.007851336964,4.0,0.031671496,-1.0,1.0,Word,1,stem
1045.0,253.6599608498143,4.0,0.063013625,-1.0,1.0,Word,1,boss
404.0,301.61932504982093,10.0,0.044713018,-1.0,1.0,Word,1,link
747.0,280.6166456258001,10.0,0.051604543,-1.0,1.0,Word,1,meal
680.0,282.34230289143613,11.0,0.071571786,-1.0,1.0,Word,1,head
748.0,288.7817319591366,11.0,0.041626321,-1.0,1.0,Word,1,rash
749.0,245.20226524528215,2.0,0.040028077,-1.0,1.0,Word,1,pier
1522.0,212.90189372746786,2.0,0.034203848,-1.0,1.0,Word,1,defy
424.0,283.36697225156286,4.0,0.007163298,1.0,1.0,Word,1,jowl
750.0,237.48557838487915,4.0,0.033903277,-1.0,1.0,Word,1,cube
45.0,225.82053250485683,2.0,0.046784615,1.0,1.0,Word,1,exit
752.0,214.76411498818757,2.0,0.069928547,-1.0,1.0,Word,1,kids
754.0,247.2394379351769,4.0,0.040028077,-1.0,1.0,Word,1,gown
1308.0,229.77407276354705,4.0,0.090345746,-1.0,1.0,Word,1,they
755.0,280.31231285346,8.0,0.038458631,-1.0,1.0,Word,1,peel
772.0,274.63543783832574,8.0,0.048427854,-1.0,1.0,Word,1,site
645.0,225.02065602231409,1.0,0.035042566,-1.0,1.0,Word,1,lava
758.0,201.56683843703095,1.0,0.047891507,-1.0,1.0,Word,1,iron
478.0,279.40095312232813,8.0,0.047967099,-1.0,1.0,Word,1,noon
774.0,286.95090352622645,8.0,0.035260344,-1.0,1.0,Word,1,lump
811.0,279.38864671027875,8.0,0.060803441,-1.0,1.0,Word,1,song
1484.0,269.2132432221085,8.0,0.039473732,-1.0,1.0,Word,1,vast
446.0,302.9846916867309,8.0,0.020629578,-1.0,1.0,Word,1,musk
816.0,279.932854227245,8.0,0.030341427,-1.0,1.0,Word,1,plow
822.0,238.62914325880547,2.0,0.033851083,-1.0,1.0,Word,1,veil
1391.0,242.08294551155603,2.0,0.054864023,-1.0,1.0,Word,1,lied
75.0,310.3789269341592,10.0,0.041646119,1.0,1.0,Word,1,hose
825.0,265.16703558458977,10.0,0.056548658,-1.0,1.0,Word,1,cell
833.0,261.34077374609745,4.0,0.035130757,-1.0,1.0,Word,1,polo
1207.0,246.95295281062982,4.0,0.027564299,-1.0,1.0,Word,1,huff
648.0,269.8807691425201,9.0,0.059466172,-1.0,1.0,Word,1,gold
834.0,297.25606903902803,9.0,0.034634006,-1.0,1.0,Word,1,pint
535.0,294.26314990886067,9.0,0.054549054,-1.0,1.0,Word,1,coat
836.0,286.7345299924542,9.0,0.031671496,-1.0,1.0,Word,1,tang
409.0,259.4260077630557,3.0,0.025906661,-1.0,1.0,Word,1,cuss
852.0,230.44039885463135,3.0,0.035085762,-1.0,1.0,Word,1,womb
15.0,258.7269498460838,5.0,0.052113893,-1.0,1.0,Word,1,tour
854.0,260.0052304220067,5.0,0.055501161,-1.0,1.0,Word,1,crew
328.0,269.73273829344305,7.0,0.054669642,-1.0,1.0,Word,1,main
856.0,280.87757137146025,7.0,0.036952179,-1.0,1.0,Word,1,hump
227.0,277.4471497553782,4.0,0.017998236,-1.0,1.0,Word,1,prim
865.0,261.73708280293005,4.0,0.02744911,-1.0,1.0,Word,1,burp
321.0,318.82437851832333,13.0,0.017175717,-1.0,1.0,Word,1,rile
872.0,291.21286635869336,13.0,0.044765213,-1.0,1.0,Word,1,hail
78.0,280.3763453710403,4.0,0.022807365,1.0,1.0,Word,1,fawn
880.0,255.36494293102274,4.0,0.050112489,-1.0,1.0,Word,1,trap
394.0,309.2162959277463,6.0,0.012580767,1.0,1.0,Word,1,posy
882.0,278.1511830868443,6.0,0.043080578,-1.0,1.0,Word,1,grip
490.0,217.83468859088975,1.0,0.016254207,-1.0,1.0,Word,1,crux
898.0,188.66232843506447,1.0,0.0500027,-1.0,1.0,Word,1,edge
785.0,288.4887756581018,11.0,0.038764601,-1.0,1.0,Word,1,vest
900.0,293.0227706132484,11.0,0.035217149,-1.0,1.0,Word,1,wink
905.0,241.2102072641782,3.0,0.063400587,-1.0,1.0,Word,1,drop
1184.0,251.04889337439081,3.0,0.034725797,-1.0,1.0,Word,1,rosy
932.0,277.1121062094977,8.0,0.03458721,-1.0,1.0,Word,1,reel
1108.0,254.62285465543727,8.0,0.042474038,-1.0,1.0,Word,1,jock
951.0,245.99141194915325,3.0,0.037486726,-1.0,1.0,Word,1,gulf
1361.0,242.00821850459698,3.0,0.028010655,-1.0,1.0,Word,1,twit
127.0,296.4401411206303,9.0,0.044333255,1.0,1.0,Word,1,cock
956.0,292.5240802920211,9.0,0.050854016,-1.0,1.0,Word,1,flat
723.0,267.27155863634005,5.0,0.045470744,-1.0,1.0,Word,1,whip
960.0,263.5760933310652,5.0,0.032569608,-1.0,1.0,Word,1,brew
966.0,288.0167125616731,7.0,0.031603103,-1.0,1.0,Word,1,tilt
1125.0,269.6862919814929,7.0,0.051890715,-1.0,1.0,Word,1,laid
968.0,199.68159610732516,2.0,0.027791076,-1.0,1.0,Word,1,oval
1214.0,193.2741614199369,2.0,0.028636994,-1.0,1.0,Word,1,edit
405.0,288.080160315456,3.0,0.025316319,1.0,1.0,Word,1,gulp
969.0,240.43090928119324,3.0,0.016727561,-1.0,1.0,Word,1,maul
144.0,278.8737642910705,6.0,0.027330322,-1.0,1.0,Word,1,posh
970.0,283.29678579165983,6.0,0.016254207,-1.0,1.0,Word,1,flog
975.0,284.9827551424725,11.0,0.018379799,-1.0,1.0,Word,1,pave
999.0,287.20746846910606,11.0,0.057239791,-1.0,1.0,Word,1,wind
976.0,272.5776411500932,10.0,0.078144742,-1.0,1.0,Word,1,call
1266.0,294.9864131977089,10.0,0.03132413,-1.0,1.0,Word,1,slay
988.0,282.9361014807299,10.0,0.064295099,-1.0,1.0,Word,1,pull
1205.0,281.54634060737214,10.0,0.063800148,-1.0,1.0,Word,1,fast
298.0,327.0169857449555,12.0,0.03132413,1.0,1.0,Word,1,lice
998.0,286.8684607164951,12.0,0.059959324,-1.0,1.0,Word,1,test
946.0,256.77796761990624,5.0,0.04764853,-1.0,1.0,Word,1,snap
1016.0,252.28976761320413,5.0,0.036813592,-1.0,1.0,Word,1,pawn
430.0,288.36315379730115,6.0,0.019742265,-1.0,1.0,Word,1,slur
1032.0,270.64087858647633,6.0,0.040168463,-1.0,1.0,Word,1,leap
20.0,311.79876196355997,13.0,0.041336549,-1.0,1.0,Word,1,bore
1046.0,299.14248719039284,13.0,0.054867623,-1.0,1.0,Word,1,pack
515.0,251.2562265670073,4.0,0.057947121,-1.0,1.0,Word,1,tree
1049.0,254.71578464076757,4.0,0.031034359,-1.0,1.0,Word,1,howl
1054.0,213.68707328534396,1.0,0.028735984,-1.0,1.0,Word,1,java
1551.0,239.56728239420744,1.0,0.029122946,-1.0,1.0,Word,1,bias
322.0,302.5785885293759,5.0,0.028224834,1.0,1.0,Word,1,wasp
1056.0,264.62391869038936,5.0,0.03622865,-1.0,1.0,Word,1,roar
443.0,281.93070264775145,4.0,0.041626321,1.0,1.0,Word,1,tray
1064.0,263.69596003936533,4.0,0.032069257,-1.0,1.0,Word,1,duel
1069.0,288.8870393342366,10.0,0.048732024,-1.0,1.0,Word,1,bang
1290.0,273.0365033569864,10.0,0.056370476,-1.0,1.0,Word,1,code
452.0,210.69194454940208,3.0,0.041217761,-1.0,1.0,Word,1,unto
1074.0,244.26496978795527,3.0,0.061498173,-1.0,1.0,Word,1,blue
943.0,255.0696182099076,8.0,0.063319595,-1.0,1.0,Word,1,king
1105.0,272.6267816896871,8.0,0.049414157,-1.0,1.0,Word,1,boom
1107.0,230.25681291538876,1.0,0.034680801,-1.0,1.0,Word,1,demo
1373.0,161.80589342036816,1.0,0.070972445,-1.0,1.0,Word,1,used
301.0,243.44457498849707,2.0,0.046041288,-1.0,1.0,Word,1,self
1114.0,220.65555507432265,2.0,0.022373607,-1.0,1.0,Word,1,typo
1003.0,270.00838964174363,5.0,0.036705603,-1.0,1.0,Word,1,trim
1120.0,261.51615417674844,5.0,0.030420619,-1.0,1.0,Word,1,snag
619.0,284.56638178163314,6.0,0.018743363,-1.0,1.0,Word,1,husk
1121.0,273.75658953078204,6.0,0.030177643,-1.0,1.0,Word,1,slid
1124.0,274.3326169694975,13.0,0.062011123,-1.0,1.0,Word,1,wear
1229.0,310.81165408764593,13.0,0.044752614,-1.0,1.0,Word,1,tale
331.0,323.44518511853795,10.0,0.046244668,1.0,1.0,Word,1,port
1136.0,282.94040787393624,10.0,0.022373607,-1.0,1.0,Word,1,kink
1140.0,276.64750132710986,9.0,0.05622469,-1.0,1.0,Word,1,warm
1203.0,262.1940564310056,9.0,0.027330322,-1.0,1.0,Word,1,scat
550.0,287.9121530460021,9.0,0.031180144,-1.0,1.0,Word,1,beak
1146.0,289.5733129924119,9.0,0.034817588,-1.0,1.0,Word,1,toll
841.0,262.99966641568386,4.0,0.030177643,-1.0,1.0,Word,1,brow
1150.0,245.1911045818215,4.0,0.082428322,-1.0,1.0,Word,1,down
1156.0,297.17309283681504,9.0,0.022807365,-1.0,1.0,Word,1,spar
1439.0,254.89503949155292,9.0,0.076555498,-1.0,1.0,Word,1,keep
1164.0,239.76610836280685,4.0,0.037020572,-1.0,1.0,Word,1,puff
1562.0,266.7233972935188,4.0,0.029027555,-1.0,1.0,Word,1,wont
1169.0,283.54012093848564,8.0,0.036378035,-1.0,1.0,Word,1,clan
1487.0,252.81721759931958,8.0,0.075194831,-1.0,1.0,Word,1,kind
347.0,167.4436551894405,1.0,0.019423696,-1.0,1.0,Word,1,ajar
1170.0,190.8177980844347,1.0,0.029668293,-1.0,1.0,Word,1,icon
359.0,253.74451537279634,1.0,0.008588758,-1.0,1.0,Word,1,bios
1171.0,242.53618287418539,1.0,0.02561689,-1.0,1.0,Word,1,crud
984.0,238.22526582340896,2.0,0.020629578,-1.0,1.0,Word,1,ooze
1180.0,237.86223241528108,2.0,0.025906661,-1.0,1.0,Word,1,aids
1186.0,287.29347462352047,10.0,0.034817588,-1.0,1.0,Word,1,bind
1280.0,279.4792535126636,10.0,0.076776876,-1.0,1.0,Word,1,last
861.0,286.1047156537067,10.0,0.06112381,-1.0,1.0,Word,1,sing
1193.0,296.53507112590967,10.0,0.022807365,-1.0,1.0,Word,1,gush
1197.0,170.35411923798125,1.0,0.070047335,-1.0,1.0,Word,1,days
1520.0,184.24204090063037,1.0,0.031806483,-1.0,1.0,Word,1,edgy
668.0,304.9401824704916,12.0,0.060042116,-1.0,1.0,Word,1,bank
1221.0,238.31796141769433,12.0,0.069302208,-1.0,1.0,Word,1,year
587.0,269.18471298379006,5.0,0.043127374,-1.0,1.0,Word,1,coin
1223.0,258.64617427254177,5.0,0.071204622,-1.0,1.0,Word,1,play
1234.0,224.9114716284082,3.0,0.070414499,-1.0,1.0,Word,1,open
1402.0,259.682636862324,3.0,0.005419269,-1.0,1.0,Word,1,flub
96.0,313.6785900604553,9.0,0.040393441,1.0,1.0,Word,1,cunt
1235.0,262.8401874057978,9.0,0.058490668,-1.0,1.0,Word,1,hide
1190.0,275.51581239333416,9.0,0.059208798,-1.0,1.0,Word,1,deep
1240.0,261.7956202069191,9.0,0.071717572,-1.0,1.0,Word,1,fuck
448.0,246.35476880795642,2.0,0.012580767,-1.0,1.0,Word,1,serf
1241.0,234.2213260605967,2.0,0.003169489,-1.0,1.0,Word,1,oozy
1242.0,258.390801240541,6.0,0.076240528,-1.0,1.0,Word,1,long
1533.0,258.80462052493,6.0,0.067995536,-1.0,1.0,Word,1,wish
160.0,200.42764288483497,1.0,0.020345206,-1.0,1.0,Word,1,anti
1247.0,175.0954584369937,1.0,0.028834974,-1.0,1.0,Word,1,user
710.0,242.69138633266795,4.0,0.042034881,-1.0,1.0,Word,1,limo
1254.0,245.59794660957886,4.0,0.030341427,-1.0,1.0,Word,1,stun
940.0,278.3539032729615,8.0,0.04061302,-1.0,1.0,Word,1,herd
1269.0,285.2574655231707,8.0,0.035130757,-1.0,1.0,Word,1,sung
851.0,272.2610776101807,5.0,0.038928385,-1.0,1.0,Word,1,clip
1271.0,252.65155562061037,5.0,0.055871925,-1.0,1.0,Word,1,hero
799.0,274.5316421728652,8.0,0.018743363,-1.0,1.0,Word,1,loom
1275.0,293.2984608503564,8.0,0.022373607,-1.0,1.0,Word,1,rant
660.0,218.38947168916215,2.0,0.065419989,-1.0,1.0,Word,1,city
1276.0,226.36605785276137,2.0,0.015750256,-1.0,1.0,Word,1,exes
1284.0,258.4856045035191,4.0,0.057255989,-1.0,1.0,Word,1,grow
1526.0,230.09256478713127,4.0,0.032197045,-1.0,1.0,Word,1,smug
1163.0,298.42284030933655,13.0,0.053010205,-1.0,1.0,Word,1,rent
1291.0,294.27536404191807,13.0,0.050351866,-1.0,1.0,Word,1,fail
653.0,272.8773819201275,9.0,0.064710858,-1.0,1.0,Word,1,food
1294.0,278.16229141256616,9.0,0.045900902,-1.0,1.0,Word,1,darn
877.0,248.77202769234913,8.0,0.068524685,-1.0,1.0,Word,1,jack
1298.0,298.9058134061673,8.0,0.030733788,-1.0,1.0,Word,1,span
360.0,294.0041958669899,7.0,0.044752614,1.0,1.0,Word,1,clay
1301.0,270.7824226005416,7.0,0.080115549,-1.0,1.0,Word,1,said
923.0,289.0830848831956,11.0,0.054608448,-1.0,1.0,Word,1,feed
1304.0,280.48625929458126,11.0,0.084519717,-1.0,1.0,Word,1,look
22.0,260.7720862808626,5.0,0.037895286,1.0,1.0,Word,1,herb
1313.0,230.90037837777135,5.0,0.058856032,-1.0,1.0,Word,1,joke
639.0,284.1193001262158,7.0,0.036881986,-1.0,1.0,Word,1,claw
1316.0,285.45120830199687,7.0,0.030094851,-1.0,1.0,Word,1,wilt
457.0,239.14791782554926,3.0,0.019090729,1.0,1.0,Word,1,oxen
1341.0,245.80029575419817,3.0,0.062137111,-1.0,1.0,Word,1,less
1075.0,247.53790496022026,4.0,0.032260039,-1.0,1.0,Word,1,lair
1388.0,269.529390938786,4.0,0.020345206,-1.0,1.0,Word,1,shun
1123.0,247.92574581062246,3.0,0.068360901,-1.0,1.0,Word,1,hurt
1400.0,227.5023115151768,3.0,0.025762675,-1.0,1.0,Word,1,flux
1078.0,229.2253945068525,2.0,0.042691816,-1.0,1.0,Word,1,arts
1414.0,194.51109578257393,2.0,0.081499613,-1.0,1.0,Word,1,over
291.0,282.6372201302389,5.0,0.018743363,-1.0,1.0,Word,1,wisp
1420.0,284.99087257115264,5.0,0.017175717,-1.0,1.0,Word,1,glam
1422.0,202.8220771351368,2.0,0.02398265,-1.0,1.0,Word,1,nigh
1510.0,224.61282713551003,2.0,0.024841166,-1.0,1.0,Word,1,vary
325.0,296.0470802659564,5.0,0.045186372,1.0,1.0,Word,1,chin
1426.0,260.6045971553331,5.0,0.056964417,-1.0,1.0,Word,1,wild
1352.0,264.8801701915037,6.0,0.061922932,-1.0,1.0,Word,1,pass
1429.0,266.2495742046066,6.0,0.046212271,-1.0,1.0,Word,1,foul
163.0,248.33642654112427,4.0,0.057405374,-1.0,1.0,Word,1,type
1430.0,238.56231704079605,4.0,0.060891633,-1.0,1.0,Word,1,fair
987.0,264.225870366954,7.0,0.073708177,-1.0,1.0,Word,1,show
1452.0,266.7328543090599,7.0,0.075664585,-1.0,1.0,Word,1,feel
924.0,270.6590420205358,5.0,0.033152751,-1.0,1.0,Word,1,grin
1467.0,266.44351182354524,5.0,0.028735984,-1.0,1.0,Word,1,ploy
280.0,302.27879884909277,7.0,0.032924173,1.0,1.0,Word,1,harp
1476.0,249.6260998332356,7.0,0.074132935,-1.0,1.0,Word,1,stay
1027.0,258.9349946665881,10.0,0.057326182,-1.0,1.0,Word,1,nick
1509.0,285.59469698685814,10.0,0.030012059,-1.0,1.0,Word,1,heed
408.0,255.19981052648149,2.0,0.024677382,1.0,1.0,Word,1,acne
1524.0,227.33509774679473,2.0,0.084879682,-1.0,1.0,Word,1,from
1517.0,219.61946745820683,2.0,0.016727561,-1.0,1.0,Word,1,hypo
1532.0,194.13236252597716,2.0,0.012580767,-1.0,1.0,Word,1,ably
505.0,264.28489343609783,5.0,0.058379079,-1.0,1.0,Word,1,tony
1549.0,269.31873529040274,5.0,0.032004464,-1.0,1.0,Word,1,whim
779.0,243.24304701872566,4.0,0.06265186,-1.0,1.0,Word,1,step
1550.0,223.97234635104866,4.0,0.092944691,-1.0,1.0,Word,1,know
1253.0,172.3064367747988,2.0,0.035344936,-1.0,1.0,Word,1,aged
1573.0,217.80929592347584,2.0,0.080999262,-1.0,1.0,Word,1,very
1489.0,239.84074954987145,3.0,0.033483919,-1.0,1.0,Word,1,nosy
1575.0,233.0238407635733,3.0,0.044954194,-1.0,1.0,Word,1,thus
,246.00196723081544,2.0,,,0.0,Pseudoword,-1,trov
,324.9513252860676,2.0,,,0.0,Pseudoword,-1,ayre
,367.6901971102852,7.0,,,0.0,Pseudoword,-1,slep
,349.06985443795236,7.0,,,0.0,Pseudoword,-1,doof
,344.10591944390114,5.0,,,0.0,Pseudoword,-1,joat
,347.38250240002793,5.0,,,0.0,Pseudoword,-1,crom
,288.5577160934855,2.0,,,0.0,Pseudoword,-1,bwed
,290.1551670693255,2.0,,,0.0,Pseudoword,-1,ptch
,372.129543350154,16.0,,,0.0,Pseudoword,-1,bane
,365.596619433452,16.0,,,0.0,Pseudoword,-1,mear
,359.0400430693377,6.0,,,0.0,Pseudoword,-1,flef
,314.7559340507721,6.0,,,0.0,Pseudoword,-1,skiw
,358.8287338810614,13.0,,,0.0,Pseudoword,-1,fone
,340.0369589458197,13.0,,,0.0,Pseudoword,-1,kell
,365.1193635612841,7.0,,,0.0,Pseudoword,-1,plom
,315.6584887663564,7.0,,,0.0,Pseudoword,-1,dafe
,252.44689348866828,2.0,,,0.0,Pseudoword,-1,tiev
,311.3961429613092,2.0,,,0.0,Pseudoword,-1,atle
,359.7714628688114,11.0,,,0.0,Pseudoword,-1,lold
,366.45749489714103,11.0,,,0.0,Pseudoword,-1,peal
,349.86318432340323,7.0,,,0.0,Pseudoword,-1,duny
,349.73200711467973,7.0,,,0.0,Pseudoword,-1,pooy
,348.4713226732332,4.0,,,0.0,Pseudoword,-1,thel
,353.3826507026329,4.0,,,0.0,Pseudoword,-1,nezt
,355.6122772415897,8.0,,,0.0,Pseudoword,-1,toin
,355.6457274855394,8.0,,,0.0,Pseudoword,-1,veek
,308.29090535784627,3.0,,,0.0,Pseudoword,-1,comu
,337.90806403724,3.0,,,0.0,Pseudoword,-1,mrip
,357.0031677613172,11.0,,,0.0,Pseudoword,-1,dipe
,357.37989305989856,11.0,,,0.0,Pseudoword,-1,helt
,344.2059266275222,5.0,,,0.0,Pseudoword,-1,smow
,329.26059539695405,5.0,,,0.0,Pseudoword,-1,houl
,290.73915122104256,8.0,,,0.0,Pseudoword,-1,zast
,317.61394127930026,8.0,,,0.0,Pseudoword,-1,vump
,364.70511410104825,15.0,,,0.0,Pseudoword,-1,wate
,365.9318516901879,15.0,,,0.0,Pseudoword,-1,foll
,305.13428340869535,6.0,,,0.0,Pseudoword,-1,reau
,354.79100029546896,6.0,,,0.0,Pseudoword,-1,kour
,286.7211912075595,2.0,,,0.0,Pseudoword,-1,awsy
,249.22839910147826,2.0,,,0.0,Pseudoword,-1,ijch
,256.69982038394795,1.0,,,1.0,Pseudoword,-1,oglg
,138.56937172820338,1.0,,,1.0,Pseudoword,-1,xfar
,322.83812180391544,10.0,,,0.0,Pseudoword,-1,oick
,381.1106357091041,10.0,,,0.0,Pseudoword,-1,nash
,347.31791056884435,4.0,,,0.0,Pseudoword,-1,aoed
,358.4675851230989,4.0,,,0.0,Pseudoword,-1,trag
,365.8101701381944,9.0,,,0.0,Pseudoword,-1,beem
,353.29444024637417,9.0,,,0.0,Pseudoword,-1,lant
,330.9426719915733,8.0,,,0.0,Pseudoword,-1,jorn
,372.57728196477944,8.0,,,0.0,Pseudoword,-1,teak
,298.99404152257955,3.0,,,0.0,Pseudoword,-1,noxy
,387.77454119719374,3.0,,,0.0,Pseudoword,-1,cerm
,330.9371233359791,4.0,,,0.0,Pseudoword,-1,tots
,357.4557273490574,4.0,,,0.0,Pseudoword,-1,daet
,370.8660059549041,8.0,,,0.0,Pseudoword,-1,cint
,354.22568796480493,8.0,,,0.0,Pseudoword,-1,gord
,368.11862707452326,5.0,,,0.0,Pseudoword,-1,shft
,341.28035807648865,5.0,,,0.0,Pseudoword,-1,pram
,371.4218189959685,11.0,,,0.0,Pseudoword,-1,aeed
,357.4979831032225,11.0,,,0.0,Pseudoword,-1,fost
,372.5192751360042,13.0,,,0.0,Pseudoword,-1,bave
,369.87338114153783,13.0,,,0.0,Pseudoword,-1,hest
,254.72131142541102,4.0,,,0.0,Pseudoword,-1,burq
,297.65005364528736,4.0,,,0.0,Pseudoword,-1,knet
,326.2170656500338,2.0,,,0.0,Pseudoword,-1,logf
,276.9465721486593,2.0,,,0.0,Pseudoword,-1,eyey
,377.4528786316391,7.0,,,0.0,Pseudoword,-1,cilt
,372.8813235722381,7.0,,,0.0,Pseudoword,-1,eump
,359.88117829218453,3.0,,,0.0,Pseudoword,-1,aelp
,350.8181423475638,3.0,,,0.0,Pseudoword,-1,wuss
,365.55346279794975,6.0,,,0.0,Pseudoword,-1,grag
,376.068853103935,6.0,,,0.0,Pseudoword,-1,ieer
,368.98756492837236,12.0,,,0.0,Pseudoword,-1,lunk
,373.39928090441697,12.0,,,0.0,Pseudoword,-1,gase
,347.2979688122273,9.0,,,0.0,Pseudoword,-1,mork
,359.2755470232365,9.0,,,0.0,Pseudoword,-1,wunt
,367.6139730688408,9.0,,,0.0,Pseudoword,-1,munt
,356.3910898938945,9.0,,,0.0,Pseudoword,-1,corl
,373.2167045181048,10.0,,,0.0,Pseudoword,-1,forl
,374.4248881753244,10.0,,,0.0,Pseudoword,-1,bive
,352.389803139343,12.0,,,0.0,Pseudoword,-1,hove
,358.14024309753506,12.0,,,0.0,Pseudoword,-1,weal
,359.2597353322759,13.0,,,0.0,Pseudoword,-1,mack
,377.01556047640844,13.0,,,0.0,Pseudoword,-1,gell
,356.47013740241266,7.0,,,0.0,Pseudoword,-1,pere
,350.3853584861555,7.0,,,0.0,Pseudoword,-1,skil
,308.4857654783903,4.0,,,0.0,Pseudoword,-1,myke
,317.62762055219935,4.0,,,0.0,Pseudoword,-1,bufy
,348.70112548199717,6.0,,,0.0,Pseudoword,-1,srop
,354.2085957613599,6.0,,,0.0,Pseudoword,-1,tulk
,367.68314896642255,11.0,,,0.0,Pseudoword,-1,fead
,362.1167859093058,11.0,,,0.0,Pseudoword,-1,harn
,351.89982659577925,4.0,,,0.0,Pseudoword,-1,sonp
,324.08484949995193,4.0,,,0.0,Pseudoword,-1,lawy
,370.22817438025277,13.0,,,0.0,Pseudoword,-1,pame
,350.60798224423434,13.0,,,0.0,Pseudoword,-1,jill
,314.04537039738636,2.0,,,0.0,Pseudoword,-1,opat
,258.524060740546,2.0,,,0.0,Pseudoword,-1,buiz
,372.2209638273173,14.0,,,0.0,Pseudoword,-1,pate
,362.2686131865186,14.0,,,0.0,Pseudoword,-1,deat
,363.22540189001086,9.0,,,0.0,Pseudoword,-1,bult
,355.6849191497577,9.0,,,0.0,Pseudoword,-1,pand
,374.3607730112718,8.0,,,0.0,Pseudoword,-1,poil
,359.26191749370645,8.0,,,0.0,Pseudoword,-1,fusk
,361.29867315632134,10.0,,,0.0,Pseudoword,-1,warl
,365.9449842505156,10.0,,,0.0,Pseudoword,-1,delt
,253.3010478944122,3.0,,,0.0,Pseudoword,-1,xelp
,322.60563274247494,3.0,,,0.0,Pseudoword,-1,ulue
,344.2571325965199,7.0,,,0.0,Pseudoword,-1,hoss
,366.2656402173428,7.0,,,0.0,Pseudoword,-1,beot
,355.52942566969483,10.0,,,0.0,Pseudoword,-1,rull
,374.46675120542415,10.0,,,0.0,Pseudoword,-1,yash
,310.6023923304863,4.0,,,0.0,Pseudoword,-1,drub
,339.59417588205764,4.0,,,0.0,Pseudoword,-1,tuee
,327.0938144438468,9.0,,,0.0,Pseudoword,-1,kunk
,337.28898766530176,9.0,,,0.0,Pseudoword,-1,cike
,343.75659055361257,7.0,,,0.0,Pseudoword,-1,muce
,360.46342796170427,7.0,,,0.0,Pseudoword,-1,boal
,318.460246162928,5.0,,,0.0,Pseudoword,-1,jair
,344.1798121404796,5.0,,,0.0,Pseudoword,-1,flec
,335.6285164416958,2.0,,,0.0,Pseudoword,-1,armp
,341.14512428863816,2.0,,,0.0,Pseudoword,-1,locb
,352.66125930560963,8.0,,,0.0,Pseudoword,-1,dool
,370.33731296069834,8.0,,,0.0,Pseudoword,-1,gamp
,369.04963916676786,14.0,,,0.0,Pseudoword,-1,hent
,361.7174114812825,14.0,,,0.0,Pseudoword,-1,sase
,365.0432531417131,8.0,,,0.0,Pseudoword,-1,swak
,365.03457218218364,8.0,,,0.0,Pseudoword,-1,toom
,362.7865658589159,9.0,,,0.0,Pseudoword,-1,kint
,343.0237504435998,9.0,,,0.0,Pseudoword,-1,yark
,381.54428375706595,12.0,,,0.0,Pseudoword,-1,swar
,357.0813359625034,12.0,,,0.0,Pseudoword,-1,roke
,349.5291526750523,11.0,,,0.0,Pseudoword,-1,fock
,353.46040649375,11.0,,,0.0,Pseudoword,-1,pive
,355.11379760734593,11.0,,,0.0,Pseudoword,-1,wook
,349.2658642677222,11.0,,,0.0,Pseudoword,-1,kent
,369.65237320885797,9.0,,,0.0,Pseudoword,-1,aick
,350.1153888566217,9.0,,,0.0,Pseudoword,-1,tase
,356.45096207548784,14.0,,,0.0,Pseudoword,-1,shat
,373.4345861581321,14.0,,,0.0,Pseudoword,-1,rone
,347.79126355424177,10.0,,,0.0,Pseudoword,-1,ween
,352.4122868963533,10.0,,,0.0,Pseudoword,-1,parn
,350.6569703917662,6.0,,,0.0,Pseudoword,-1,soed
,366.1428833034559,6.0,,,0.0,Pseudoword,-1,disp
,353.405762284282,5.0,,,0.0,Pseudoword,-1,sony
,323.4181247062312,5.0,,,0.0,Pseudoword,-1,brom
,367.9105551652764,12.0,,,0.0,Pseudoword,-1,tead
,354.44131997001045,12.0,,,0.0,Pseudoword,-1,rire
,260.3338391343333,5.0,,,0.0,Pseudoword,-1,fleq
,320.7096937498443,5.0,,,0.0,Pseudoword,-1,welf
,367.20284222296135,11.0,,,0.0,Pseudoword,-1,reer
,339.1613886036353,11.0,,,0.0,Pseudoword,-1,fike
,322.2465489971161,10.0,,,0.0,Pseudoword,-1,nead
,349.0040494940615,10.0,,,0.0,Pseudoword,-1,hace
,364.45652586990826,8.0,,,0.0,Pseudoword,-1,gark
,354.8723407240514,8.0,,,0.0,Pseudoword,-1,shim
,367.7559341289183,7.0,,,0.0,Pseudoword,-1,leel
,354.53253494557816,7.0,,,0.0,Pseudoword,-1,dimp
,347.98187335641603,7.0,,,0.0,Pseudoword,-1,nood
,349.2449898024239,7.0,,,0.0,Pseudoword,-1,buse
,335.5101967622739,10.0,,,0.0,Pseudoword,-1,jall
,376.0008894402449,10.0,,,0.0,Pseudoword,-1,boop
,373.3381900115786,8.0,,,0.0,Pseudoword,-1,woop
,353.8713516392129,8.0,,,0.0,Pseudoword,-1,tand
,338.06112209000634,3.0,,,0.0,Pseudoword,-1,fola
,271.027192583119,3.0,,,0.0,Pseudoword,-1,acis
,322.42942649726126,13.0,,,0.0,Pseudoword,-1,zear
,383.72116032631766,13.0,,,0.0,Pseudoword,-1,sape
,346.41303251511766,5.0,,,0.0,Pseudoword,-1,woad
,316.4578492601519,5.0,,,0.0,Pseudoword,-1,ctop
,373.0587742948832,6.0,,,0.0,Pseudoword,-1,tiss
,349.39626509756897,6.0,,,0.0,Pseudoword,-1,gony
,354.51786871035904,9.0,,,0.0,Pseudoword,-1,mond
,346.2394931274412,9.0,,,0.0,Pseudoword,-1,stan
,380.66641068508295,6.0,,,0.0,Pseudoword,-1,flai
,335.85296873954155,6.0,,,0.0,Pseudoword,-1,tald
,363.26629274715356,7.0,,,0.0,Pseudoword,-1,stug
,352.9795017968777,7.0,,,0.0,Pseudoword,-1,rarp
,343.3535729510282,4.0,,,0.0,Pseudoword,-1,fonm
,282.948046210722,4.0,,,0.0,Pseudoword,-1,axee
,365.9117476224931,12.0,,,0.0,Pseudoword,-1,tock
,369.67743684481604,12.0,,,0.0,Pseudoword,-1,dale
,312.7475074395627,3.0,,,0.0,Pseudoword,-1,lets
,330.4518500935154,3.0,,,0.0,Pseudoword,-1,crey
,295.3661232641309,11.0,,,0.0,Pseudoword,-1,yeal
,358.0688100012163,11.0,,,0.0,Pseudoword,-1,eate
,309.43214325619664,4.0,,,0.0,Pseudoword,-1,stet
,377.9402248612006,4.0,,,0.0,Pseudoword,-1,woss
,359.446412141162,10.0,,,0.0,Pseudoword,-1,lank
,350.15839717055235,10.0,,,0.0,Pseudoword,-1,ceal
,358.4639178692709,11.0,,,0.0,Pseudoword,-1,hean
,339.0195838415972,11.0,,,0.0,Pseudoword,-1,oash
,292.17918694324254,2.0,,,0.0,Pseudoword,-1,pger
,293.47614003972046,2.0,,,0.0,Pseudoword,-1,defp
,363.779979133564,4.0,,,0.0,Pseudoword,-1,joal
,310.71872612658103,4.0,,,0.0,Pseudoword,-1,vube
,291.1938937322676,2.0,,,0.0,Pseudoword,-1,exet
,245.54847009760806,2.0,,,0.0,Pseudoword,-1,kuds
,330.6577082353268,4.0,,,0.0,Pseudoword,-1,eown
,339.13203795203856,4.0,,,0.0,Pseudoword,-1,thea
,336.8982316265357,8.0,,,0.0,Pseudoword,-1,jeel
,358.6643752006402,8.0,,,0.0,Pseudoword,-1,aite
,340.6041851471442,1.0,,,0.0,Pseudoword,-1,lavg
,234.95538869838612,1.0,,,0.0,Pseudoword,-1,irhn
,343.41911587276616,8.0,,,0.0,Pseudoword,-1,noom
,349.4053080806342,8.0,,,0.0,Pseudoword,-1,wump
,353.3212613381967,8.0,,,0.0,Pseudoword,-1,rong
,321.9899993034925,8.0,,,0.0,Pseudoword,-1,oast
,364.59440990973354,8.0,,,0.0,Pseudoword,-1,mulk
,390.0342815507961,8.0,,,0.0,Pseudoword,-1,plob
,320.20822009048305,2.0,,,0.0,Pseudoword,-1,veul
,296.26533797726614,2.0,,,0.0,Pseudoword,-1,likd
,359.3158305090817,10.0,,,0.0,Pseudoword,-1,hooe
,337.44695609162073,10.0,,,0.0,Pseudoword,-1,uell
,308.7837906942662,4.0,,,0.0,Pseudoword,-1,yolo
,329.92692757477374,4.0,,,0.0,Pseudoword,-1,hunf
,341.9762532040723,9.0,,,0.0,Pseudoword,-1,goad
,356.7492311979912,9.0,,,0.0,Pseudoword,-1,pist
,361.1918001612375,9.0,,,0.0,Pseudoword,-1,coap
,316.96458237927925,9.0,,,0.0,Pseudoword,-1,kang
,330.2292937430194,3.0,,,0.0,Pseudoword,-1,cuts
,309.97320080641776,3.0,,,0.0,Pseudoword,-1,wimb
,327.33227317748555,5.0,,,0.0,Pseudoword,-1,toud
,297.81066539946113,5.0,,,0.0,Pseudoword,-1,krew
,343.12923009491544,7.0,,,0.0,Pseudoword,-1,yain
,389.74747950397807,7.0,,,0.0,Pseudoword,-1,iump
,351.75146378382686,4.0,,,0.0,Pseudoword,-1,prid
,363.05460373534373,4.0,,,0.0,Pseudoword,-1,buri
,357.2571352514013,13.0,,,0.0,Pseudoword,-1,rike
,362.56251187836403,13.0,,,0.0,Pseudoword,-1,cail
,360.6740916724312,4.0,,,0.0,Pseudoword,-1,fawt
,338.5214156098248,4.0,,,0.0,Pseudoword,-1,lrap
,368.8009152847865,6.0,,,0.0,Pseudoword,-1,poly
,341.1719137812734,6.0,,,0.0,Pseudoword,-1,grig
,295.86460041390944,1.0,,,0.0,Pseudoword,-1,crnx
,256.4999844683632,1.0,,,0.0,Pseudoword,-1,ezge
,339.713153907036,11.0,,,0.0,Pseudoword,-1,eest
,357.1528156067126,11.0,,,0.0,Pseudoword,-1,fink
,274.113770012029,3.0,,,0.0,Pseudoword,-1,dtop
,342.1115786822349,3.0,,,0.0,Pseudoword,-1,qosy
,335.3448287454191,8.0,,,0.0,Pseudoword,-1,veel
,365.4556334489691,8.0,,,0.0,Pseudoword,-1,uock
,340.13397554388155,3.0,,,0.0,Pseudoword,-1,guli
,324.3863300734803,3.0,,,0.0,Pseudoword,-1,twiz
,368.7347930821821,9.0,,,0.0,Pseudoword,-1,cack
,366.41281377962025,9.0,,,0.0,Pseudoword,-1,flad
,356.4456104231764,5.0,,,0.0,Pseudoword,-1,whil
,326.8691816040228,5.0,,,0.0,Pseudoword,-1,bree
,357.1210451300625,7.0,,,0.0,Pseudoword,-1,tift
,366.50603884930143,7.0,,,0.0,Pseudoword,-1,lamd
,262.22052453926307,2.0,,,0.0,Pseudoword,-1,aval
,232.89345883416422,2.0,,,0.0,Pseudoword,-1,edic
,365.91869452161967,3.0,,,0.0,Pseudoword,-1,gulg
,341.0122241012017,3.0,,,0.0,Pseudoword,-1,mafl
,361.44996315378035,6.0,,,0.0,Pseudoword,-1,posr
,375.33248866502424,6.0,,,0.0,Pseudoword,-1,glog
,327.3509708400425,11.0,,,0.0,Pseudoword,-1,jave
,353.6632403833206,11.0,,,0.0,Pseudoword,-1,sind
,353.2091308594398,10.0,,,0.0,Pseudoword,-1,rall
,364.1118728088203,10.0,,,0.0,Pseudoword,-1,slad
,354.86646666558846,10.0,,,0.0,Pseudoword,-1,jull
,355.6982520938949,10.0,,,0.0,Pseudoword,-1,sast
,354.63694652275,12.0,,,0.0,Pseudoword,-1,pice
,371.72299545024197,12.0,,,0.0,Pseudoword,-1,tust
,324.7744587789775,5.0,,,0.0,Pseudoword,-1,snaw
,352.80137485581514,5.0,,,0.0,Pseudoword,-1,zawn
,338.88928042359987,6.0,,,0.0,Pseudoword,-1,plur
,329.66764822922465,6.0,,,0.0,Pseudoword,-1,leah
,371.73260826625574,13.0,,,0.0,Pseudoword,-1,bole
,358.65242285462466,13.0,,,0.0,Pseudoword,-1,dack
,328.6075929446815,4.0,,,0.0,Pseudoword,-1,trae
,330.19014792699716,4.0,,,0.0,Pseudoword,-1,hewl
,329.19463957948653,1.0,,,0.0,Pseudoword,-1,javi
,276.14118447932873,1.0,,,0.0,Pseudoword,-1,bzas
,377.28770334466844,5.0,,,0.0,Pseudoword,-1,sasp
,298.4345751374315,5.0,,,0.0,Pseudoword,-1,roax
,348.84109953168047,4.0,,,0.0,Pseudoword,-1,hray
,302.35267897673583,4.0,,,0.0,Pseudoword,-1,dudl
,361.4804297595152,10.0,,,0.0,Pseudoword,-1,bant
,340.9406392325588,10.0,,,0.0,Pseudoword,-1,sode
,227.50129974817764,3.0,,,0.0,Pseudoword,-1,unio
,370.31891617337965,3.0,,,0.0,Pseudoword,-1,nlue
,376.00087478076773,8.0,,,0.0,Pseudoword,-1,ving
,345.3795247349051,8.0,,,0.0,Pseudoword,-1,boor
,218.38122786761897,1.0,,,1.0,Pseudoword,-1,deqo
,217.28164236600355,1.0,,,0.0,Pseudoword,-1,uzed
,241.01338913380428,2.0,,,0.0,Pseudoword,-1,selv
,240.4844888713464,2.0,,,0.0,Pseudoword,-1,txpo
,310.72670905382495,5.0,,,0.0,Pseudoword,-1,tris
,352.3095333722794,5.0,,,0.0,Pseudoword,-1,saag
,357.71973435076416,6.0,,,0.0,Pseudoword,-1,huss
,345.2188020854154,6.0,,,0.0,Pseudoword,-1,soid
,377.9639881726193,13.0,,,0.0,Pseudoword,-1,cear
,354.66584739966527,13.0,,,0.0,Pseudoword,-1,tate
,375.73614320613547,10.0,,,0.0,Pseudoword,-1,porm
,346.9579592426453,10.0,,,0.0,Pseudoword,-1,zink
,365.516031978704,9.0,,,0.0,Pseudoword,-1,barm
,372.2091228678125,9.0,,,0.0,Pseudoword,-1,scag
,330.70342643080807,9.0,,,0.0,Pseudoword,-1,beah
,363.66298902433783,9.0,,,0.0,Pseudoword,-1,tolt
,315.4259778966627,4.0,,,0.0,Pseudoword,-1,irow
,337.2838468811119,4.0,,,0.0,Pseudoword,-1,aown
,401.73845603430436,9.0,,,0.0,Pseudoword,-1,spag
,353.40897529588545,9.0,,,0.0,Pseudoword,-1,teep
,322.17330108700185,4.0,,,0.0,Pseudoword,-1,pulf
,358.4090076640241,4.0,,,0.0,Pseudoword,-1,wony
,353.19109888255764,8.0,,,0.0,Pseudoword,-1,clag
,309.71897881121004,8.0,,,0.0,Pseudoword,-1,oind
,200.72364068221805,1.0,,,1.0,Pseudoword,-1,ajjr
,284.63173879757204,1.0,,,0.0,Pseudoword,-1,tcon
,324.95897610997315,1.0,,,0.0,Pseudoword,-1,jios
,305.77582221202863,1.0,,,0.0,Pseudoword,-1,yrud
,283.54111217665684,2.0,,,0.0,Pseudoword,-1,oozb
,314.67294174402895,2.0,,,0.0,Pseudoword,-1,aidk
,355.47831820230823,10.0,,,0.0,Pseudoword,-1,bing
,350.56136581158376,10.0,,,0.0,Pseudoword,-1,hast
,366.6778816863788,10.0,,,0.0,Pseudoword,-1,sint
,322.0908564857556,10.0,,,0.0,Pseudoword,-1,oush
,270.53101627925116,1.0,,,0.0,Pseudoword,-1,deys
,296.39836893487274,1.0,,,0.0,Pseudoword,-1,edry
,361.89937194293014,12.0,,,0.0,Pseudoword,-1,hank
,350.8851713059316,12.0,,,0.0,Pseudoword,-1,eear
,335.28320426195535,5.0,,,0.0,Pseudoword,-1,roin
,340.53413508273087,5.0,,,0.0,Pseudoword,-1,plat
,312.9357546873961,3.0,,,0.0,Pseudoword,-1,wpen
,336.50482617895995,3.0,,,0.0,Pseudoword,-1,flib
,368.75578456962955,9.0,,,0.0,Pseudoword,-1,funt
,356.7059912390253,9.0,,,0.0,Pseudoword,-1,hise
,352.70398581849076,9.0,,,0.0,Pseudoword,-1,meep
,366.000859501215,9.0,,,0.0,Pseudoword,-1,euck
,341.89776334828946,2.0,,,0.0,Pseudoword,-1,seof
,176.29983834134367,2.0,,,0.0,Pseudoword,-1,oozv
,368.6183643262196,6.0,,,0.0,Pseudoword,-1,nong
,340.3642744082213,6.0,,,0.0,Pseudoword,-1,pish
,228.5104580535366,1.0,,,0.0,Pseudoword,-1,ajti
,262.89423379863274,1.0,,,1.0,Pseudoword,-1,uswr
,326.4358154210328,4.0,,,0.0,Pseudoword,-1,lamo
,292.5863522198399,4.0,,,0.0,Pseudoword,-1,stuy
,354.98708698624426,8.0,,,0.0,Pseudoword,-1,herk
,379.4800516086706,8.0,,,0.0,Pseudoword,-1,fung
,343.5591966644915,5.0,,,0.0,Pseudoword,-1,wlip
,353.2181554949861,5.0,,,0.0,Pseudoword,-1,heri
,361.1508701222032,8.0,,,0.0,Pseudoword,-1,moom
,366.6920702581754,8.0,,,0.0,Pseudoword,-1,ract
,276.3825701725099,2.0,,,0.0,Pseudoword,-1,cipy
,189.70373332819696,2.0,,,0.0,Pseudoword,-1,xxes
,298.84492093597794,4.0,,,0.0,Pseudoword,-1,ghow
,346.39865159403433,4.0,,,0.0,Pseudoword,-1,saug
,378.0978082727397,13.0,,,0.0,Pseudoword,-1,rint
,362.7103501003899,13.0,,,0.0,Pseudoword,-1,lail
,366.49135051453493,9.0,,,0.0,Pseudoword,-1,foop
,362.7393523984911,9.0,,,0.0,Pseudoword,-1,darp
,360.6578493476542,8.0,,,0.0,Pseudoword,-1,oack
,349.71947367202694,8.0,,,0.0,Pseudoword,-1,shan
,330.0310746444172,7.0,,,0.0,Pseudoword,-1,clah
,364.6291570656251,7.0,,,0.0,Pseudoword,-1,gaid
,339.47021367152763,11.0,,,0.0,Pseudoword,-1,keed
,369.10297572662466,11.0,,,0.0,Pseudoword,-1,gook
,332.0615935167777,5.0,,,0.0,Pseudoword,-1,herx
,348.7258495450851,5.0,,,0.0,Pseudoword,-1,jote
,364.8778035185628,7.0,,,0.0,Pseudoword,-1,claf
,330.4819633839756,7.0,,,0.0,Pseudoword,-1,wift
,316.6934692940279,3.0,,,0.0,Pseudoword,-1,txen
,300.08791863417906,3.0,,,0.0,Pseudoword,-1,leps
,299.4439715163494,4.0,,,0.0,Pseudoword,-1,uair
,318.927840617474,4.0,,,0.0,Pseudoword,-1,swun
,340.1537019005022,3.0,,,0.0,Pseudoword,-1,hurh
,342.55467471193384,3.0,,,0.0,Pseudoword,-1,flun
,275.09526286331294,2.0,,,0.0,Pseudoword,-1,arys
,247.10437650759087,2.0,,,0.0,Pseudoword,-1,mver
,326.620933996268,5.0,,,0.0,Pseudoword,-1,wisd
,329.20522672791026,5.0,,,0.0,Pseudoword,-1,rlam
,259.3304048360872,2.0,,,0.0,Pseudoword,-1,nigk
,270.4419473862823,2.0,,,0.0,Pseudoword,-1,vvry
,313.63575741574783,5.0,,,0.0,Pseudoword,-1,rhin
,332.0346046159771,5.0,,,0.0,Pseudoword,-1,wied
,383.50065030243934,6.0,,,0.0,Pseudoword,-1,gass
,297.5836062917335,6.0,,,0.0,Pseudoword,-1,foxl
,321.5381188823454,4.0,,,0.0,Pseudoword,-1,cype
,327.3558731729695,4.0,,,0.0,Pseudoword,-1,iair
,346.0092797941803,7.0,,,0.0,Pseudoword,-1,srow
,371.08259273827025,7.0,,,0.0,Pseudoword,-1,flel
,351.89789438384236,5.0,,,0.0,Pseudoword,-1,grix
,362.84529528075757,5.0,,,0.0,Pseudoword,-1,ploh
,333.74413669589006,7.0,,,0.0,Pseudoword,-1,harf
,369.47501149248296,7.0,,,0.0,Pseudoword,-1,soay
,347.99854843749443,10.0,,,0.0,Pseudoword,-1,fick
,356.9059342873155,10.0,,,0.0,Pseudoword,-1,heer
,293.48590478498323,2.0,,,0.0,Pseudoword,-1,jcne
,231.46482716009209,2.0,,,0.0,Pseudoword,-1,xrom
,293.4460555708667,2.0,,,0.0,Pseudoword,-1,hypd
,150.96444832754102,2.0,,,0.0,Pseudoword,-1,ablv
,351.60276229532195,5.0,,,0.0,Pseudoword,-1,tonn
,309.72280465469316,5.0,,,0.0,Pseudoword,-1,whis
,296.58672984405774,4.0,,,0.0,Pseudoword,-1,stey
,293.6885618407375,4.0,,,0.0,Pseudoword,-1,krow
,241.20200925746607,2.0,,,0.0,Pseudoword,-1,agem
,241.66100714852928,2.0,,,0.0,Pseudoword,-1,vzry
,283.3288354760575,3.0,,,0.0,Pseudoword,-1,nopy
,341.5016151521384,3.0,,,0.0,Pseudoword,-1,thul
