words,ONsize,frequency,concreteness
trod,2.0,0.019423696,0
pant,10.0,0.025161534,1
robe,5.0,0.042052879,1
slew,7.0,0.027564299,0
mint,10.0,0.03857022,1
sale,15.0,0.050603841,0
dojo,0.0,0.024677382,1
plan,3.0,0.064257303,0
gram,6.0,0.032808985,1
clef,1.0,0.00979284,1
mood,7.0,0.052893216,0
faux,1.0,0.023797268,0
frog,2.0,0.044635626,1
bode,8.0,0.019742265,0
core,20.0,0.043190367,1
tour,5.0,0.052113893,0
talc,3.0,0.014630766,1
scar,8.0,0.042034881,1
jolt,5.0,0.027902666,0
also,1.0,0.066978636,0
bore,13.0,0.041336549,0
hind,8.0,0.032386026,1
herb,5.0,0.037895286,1
sear,18.0,0.014006227,0
ally,1.0,0.052571048,0
mope,10.0,0.022373607,0
limb,5.0,0.037389536,1
weep,8.0,0.038654812,1
hoop,8.0,0.033096956,1
maim,3.0,0.019090729,0
knit,2.0,0.030420619,1
bold,10.0,0.041136769,0
jell,9.0,0.00979284,0
leaf,6.0,0.038226454,1
awed,2.0,0.00979284,0
euro,0.0,0.021671676,1
prep,3.0,0.041136769,0
poem,1.0,0.045755116,1
bare,16.0,0.041907093,0
lard,9.0,0.02949011,1
gash,12.0,0.022593186,1
silk,7.0,0.04315977,1
flee,6.0,0.037223952,0
yogi,1.0,0.023417505,1
plod,5.0,0.008588758,0
exit,2.0,0.046784615,1
duty,1.0,0.056046507,0
hone,13.0,0.023016144,0
fuzz,2.0,0.030260434,1
lime,13.0,0.034680801,1
prey,3.0,0.038681809,0
bunt,9.0,0.023797268,0
rape,12.0,0.046996994,0
gale,13.0,0.037772898,1
spry,1.0,0.021912853,0
flip,5.0,0.046106082,1
fore,15.0,0.032981768,0
plot,7.0,0.044479041,0
tier,2.0,0.025906661,0
fold,11.0,0.042177067,1
fuel,3.0,0.04755134,1
dung,7.0,0.029841076,1
lynx,0.0,0.0,1
thee,4.0,0.050794622,0
arid,4.0,0.016727561,0
hoot,13.0,0.032866579,1
torn,8.0,0.043960692,1
weak,6.0,0.052290276,0
cuff,4.0,0.038955382,1
folk,3.0,0.040721009,0
cope,14.0,0.03458721,0
spud,4.0,0.024841166,1
coma,3.0,0.044928997,0
gawk,1.0,0.016727561,0
dire,11.0,0.03153471,0
hose,10.0,0.041646119,1
foil,9.0,0.026966757,1
peep,11.0,0.036986375,0
fawn,4.0,0.022807365,1
spin,5.0,0.046296863,1
stow,5.0,0.027211533,0
size,2.0,0.055268984,0
hock,11.0,0.031394323,0
east,8.0,0.055826929,0
rail,12.0,0.037223952,1
pest,13.0,0.033590108,1
raft,4.0,0.037454329,1
tutu,0.0,0.022593186,1
host,6.0,0.046503843,0
lube,4.0,0.022593186,1
cute,4.0,0.060292291,0
sate,15.0,0.007163298,0
tuck,11.0,0.041550728,1
eats,2.0,0.045161174,1
spew,5.0,0.019742265,0
eave,8.0,0.008588758,1
cunt,9.0,0.040393441,1
slat,14.0,0.007163298,1
hawk,3.0,0.045222368,1
waxy,2.0,0.018379799,1
rank,8.0,0.042052879,0
june,3.0,0.048282068,0
reap,6.0,0.032808985,0
awry,2.0,0.020903151,0
fade,8.0,0.038820396,0
item,1.0,0.044954194,1
airy,2.0,0.016727561,0
vine,12.0,0.031180144,1
cult,3.0,0.037020572,0
sail,12.0,0.045810911,1
fend,11.0,0.024841166,0
peso,1.0,0.015210309,1
sped,6.0,0.021912853,0
mold,11.0,0.036741599,1
whoa,1.0,0.064854844,0
blob,7.0,0.026714782,1
lend,11.0,0.044531236,0
glob,4.0,0.00979284,1
nova,0.0,0.03837224,1
ogle,1.0,0.017998236,0
afro,0.0,0.026320621,1
wort,10.0,0.017998236,1
seep,11.0,0.012580767,0
bent,15.0,0.040784003,0
whom,3.0,0.053154191,0
nude,4.0,0.039218157,1
peon,1.0,0.014006227,0
cock,9.0,0.044333255,1
alum,3.0,0.010836738,1
clad,6.0,0.013325894,0
toad,3.0,0.038928385,1
sole,10.0,0.038314645,1
bale,15.0,0.030960566,1
tone,14.0,0.047407354,0
duly,3.0,0.027791076,0
earl,1.0,0.048906607,0
dorm,5.0,0.040805601,1
fang,7.0,0.030499811,1
crap,7.0,0.05755116,0
sank,10.0,0.031394323,0
magi,0.0,0.020345206,1
tick,10.0,0.040827199,1
glen,1.0,0.040742607,0
axed,4.0,0.016254207,0
posh,6.0,0.027330322,0
tack,14.0,0.031252137,1
zinc,1.0,0.024162632,1
disk,7.0,0.040121668,1
data,1.0,0.050670434,1
daft,3.0,0.027677688,0
able,2.0,0.064982632,0
vice,9.0,0.048184878,0
goof,8.0,0.031603103,0
noun,1.0,0.020629578,0
gasp,3.0,0.029668293,1
crow,5.0,0.037020572,1
hack,11.0,0.042106874,0
fowl,8.0,0.022593186,1
lots,1.0,0.05734238,0
boot,16.0,0.044169471,1
anti,1.0,0.020345206,0
font,4.0,0.02500315,1
taxi,0.0,0.050740627,1
type,4.0,0.057405374,0
heap,8.0,0.037740501,1
wary,10.0,0.023219524,0
west,12.0,0.057392776,0
nape,6.0,0.014630766,1
gait,4.0,0.016727561,0
jerk,1.0,0.052682637,0
funk,9.0,0.034349634,0
judo,0.0,0.025161534,1
gent,10.0,0.029122946,1
reed,12.0,0.042592826,1
riot,2.0,0.039957884,1
dork,7.0,0.03652562,0
gala,2.0,0.029841076,1
guts,0.0,0.050080092,1
bush,10.0,0.04601969,1
swam,12.0,0.032260039,0
vain,5.0,0.039981282,0
tong,7.0,0.031806483,1
vamp,4.0,0.024841166,0
doom,6.0,0.038820396,0
lame,14.0,0.044016486,0
oboe,0.0,0.017598675,1
lamb,3.0,0.043804107,1
amen,1.0,0.050782023,0
beam,9.0,0.042265258,1
skew,3.0,0.010836738,0
meld,6.0,0.014630766,0
moss,7.0,0.033537913,1
deny,3.0,0.049264772,0
gout,3.0,0.028010655,1
pout,6.0,0.026047047,0
alto,2.0,0.027791076,0
jazz,0.0,0.044700419,1
porn,8.0,0.04449344,1
dine,15.0,0.036741599,0
dart,10.0,0.030499811,1
boxy,3.0,0.012580767,0
bony,8.0,0.026842569,0
moan,4.0,0.030341427,1
bulb,2.0,0.036036068,1
diet,2.0,0.046685625,0
lick,13.0,0.044045284,1
soot,15.0,0.026047047,1
hire,9.0,0.050645237,0
laud,4.0,0.00979284,0
gosh,4.0,0.051881716,0
snot,7.0,0.031252137,1
tend,7.0,0.044928997,0
toot,11.0,0.028932165,0
onyx,0.0,0.017175717,1
exam,0.0,0.045620129,1
tire,8.0,0.044990191,1
dunk,11.0,0.032808985,1
toss,4.0,0.04500279,1
balm,6.0,0.0214251,0
each,1.0,0.068576879,0
slim,7.0,0.044662623,1
opal,2.0,0.02561689,1
volt,4.0,0.012580767,0
scan,6.0,0.0428556,0
cant,8.0,0.032004464,0
sift,5.0,0.023219524,1
deed,11.0,0.042774608,1
prim,4.0,0.017998236,0
form,10.0,0.054673242,0
blah,1.0,0.045643527,0
skid,6.0,0.031464516,1
curb,4.0,0.036378035,1
lark,8.0,0.029216537,1
atop,2.0,0.02561689,0
rave,13.0,0.032629002,0
lure,7.0,0.036671406,0
path,3.0,0.050341067,1
kiln,3.0,0.017998236,1
whiz,3.0,0.035996472,0
flow,8.0,0.045810911,1
dual,4.0,0.026320621,0
burr,4.0,0.022593186,1
glue,4.0,0.039192959,1
sage,12.0,0.029754684,1
bond,10.0,0.052230881,0
slot,13.0,0.038654812,1
tune,5.0,0.046804413,0
tame,11.0,0.033208546,0
debt,1.0,0.046073685,0
stat,9.0,0.033429924,0
monk,5.0,0.040951387,1
fiat,4.0,0.012580767,0
logo,2.0,0.030012059,1
melt,8.0,0.040890193,1
kale,6.0,0.020903151,1
gain,6.0,0.045800112,0
drab,4.0,0.023797268,0
upon,0.0,0.057668149,0
plop,9.0,0.024162632,0
bass,8.0,0.041136769,1
twig,2.0,0.027791076,1
fame,13.0,0.042195065,0
kilt,7.0,0.021671676,1
dial,4.0,0.042387646,1
jean,5.0,0.047796116,1
pile,12.0,0.045481543,1
yawn,5.0,0.025467504,1
feud,2.0,0.02744911,0
rite,11.0,0.028331024,0
haze,7.0,0.028636994,1
ease,7.0,0.048379259,0
drew,4.0,0.050494052,0
lobe,6.0,0.030260434,1
pact,7.0,0.0357193,0
bait,3.0,0.043112975,1
wide,12.0,0.05009989,0
yelp,3.0,0.010836738,0
dame,14.0,0.045823509,1
ovum,0.0,0.010836738,1
join,3.0,0.05989813,0
harp,7.0,0.032924173,1
jeer,6.0,0.005419269,0
trek,1.0,0.037088965,0
hobo,0.0,0.029927467,1
sunk,12.0,0.037357139,0
pork,9.0,0.043732114,1
crib,1.0,0.039597919,1
sown,5.0,0.017175717,0
barn,10.0,0.045722719,1
yank,4.0,0.037454329,1
jinx,0.0,0.036190853,0
wisp,5.0,0.018743363,0
perm,3.0,0.025467504,1
poll,8.0,0.032508414,0
dare,14.0,0.056699843,0
cork,9.0,0.033590108,1
drum,1.0,0.042034881,1
soil,6.0,0.041376145,1
lice,12.0,0.03132413,1
blab,4.0,0.021167726,0
vile,10.0,0.036986375,0
self,2.0,0.046041288,0
quad,0.0,0.028834974,1
wean,7.0,0.015210309,0
mead,10.0,0.025762675,1
ashy,1.0,0.012580767,0
drag,4.0,0.05092241,1
rend,10.0,0.016727561,0
plus,2.0,0.055420169,0
duet,4.0,0.02744911,1
mill,15.0,0.042952791,1
fled,6.0,0.036917982,0
gory,1.0,0.023016144,0
ripe,9.0,0.03652562,0
hurl,3.0,0.027791076,1
spay,8.0,0.00979284,1
slap,12.0,0.045051385,1
shed,3.0,0.044059682,1
liar,0.0,0.053141592,0
lent,13.0,0.035636508,0
echo,0.0,0.040393441,0
rile,13.0,0.017175717,0
wasp,5.0,0.028224834,1
doer,4.0,0.018743363,0
ward,12.0,0.046095283,0
chin,5.0,0.045186372,1
dome,12.0,0.030656396,1
fart,10.0,0.039887691,1
main,7.0,0.054669642,0
july,2.0,0.044803009,0
leer,6.0,0.020345206,1
port,10.0,0.046244668,1
racy,3.0,0.025161534,0
hula,2.0,0.030656396,1
chew,3.0,0.042558629,1
toke,10.0,0.023797268,0
fool,10.0,0.060432678,0
hemp,4.0,0.017175717,1
dove,12.0,0.038764601,1
gore,11.0,0.026047047,0
coax,3.0,0.023797268,0
free,3.0,0.065799752,0
spam,9.0,0.026586994,1
menu,1.0,0.043298357,1
evil,0.0,0.058870431,0
luau,0.0,0.028834974,1
loop,8.0,0.040281852,1
ajar,1.0,0.019423696,0
palm,3.0,0.045515739,1
hint,6.0,0.042675618,0
gall,11.0,0.030733788,0
vise,8.0,0.018379799,1
woof,7.0,0.033320135,1
lack,13.0,0.047805115,0
heir,2.0,0.038255251,0
perk,7.0,0.028118644,0
twin,3.0,0.043658321,1
purr,2.0,0.023417505,1
cane,16.0,0.041907093,1
bios,1.0,0.008588758,0
clay,7.0,0.044752614,1
soft,5.0,0.052416263,1
bide,10.0,0.020903151,0
fuss,3.0,0.040699411,0
heal,13.0,0.044306258,0
cyan,1.0,0.012580767,1
dill,14.0,0.029841076,1
rasp,4.0,0.008588758,0
mutt,5.0,0.036113461,1
wick,9.0,0.032569608,1
clog,3.0,0.023797268,0
sack,11.0,0.045328558,1
barf,4.0,0.030656396,1
cure,11.0,0.049061392,0
peed,11.0,0.032924173,0
news,1.0,0.065213009,0
mast,13.0,0.029216537,1
tyke,4.0,0.020629578,1
grid,6.0,0.038710606,1
bout,5.0,0.048379259,0
haul,3.0,0.040634618,1
rear,16.0,0.045027987,0
verb,2.0,0.025906661,0
goon,9.0,0.031806483,0
crop,6.0,0.037709904,1
blog,5.0,0.02214683,1
frat,6.0,0.034301038,0
inch,1.0,0.044990191,1
warn,11.0,0.050591242,0
aqua,0.0,0.027902666,0
high,2.0,0.06653228,0
carp,7.0,0.023417505,1
pimp,5.0,0.042177067,1
earn,5.0,0.046674826,0
posy,6.0,0.012580767,1
kelp,3.0,0.027090945,1
corn,9.0,0.046073685,1
heft,2.0,0.013325894,0
mild,7.0,0.037614514,0
slit,10.0,0.035798492,0
pump,10.0,0.045161174,1
soup,4.0,0.050542647,1
toil,7.0,0.025467504,0
cowl,7.0,0.008588758,1
link,10.0,0.044713018,0
gulp,3.0,0.025316319,1
envy,0.0,0.042968989,0
sass,4.0,0.024841166,0
acne,2.0,0.024677382,1
cuss,3.0,0.025906661,0
slut,8.0,0.044318857,0
turf,3.0,0.036705603,1
hive,9.0,0.025316319,1
rift,6.0,0.026047047,0
poor,5.0,0.063308796,0
hunk,12.0,0.03816706,1
pane,13.0,0.019742265,1
dose,12.0,0.03837224,1
mono,1.0,0.023016144,0
stub,4.0,0.025161534,1
poof,7.0,0.031394323,0
worn,11.0,0.043390148,0
plug,3.0,0.043643923,1
john,1.0,0.066480085,0
jowl,4.0,0.007163298,1
lion,1.0,0.046674826,1
flew,7.0,0.046694624,0
numb,1.0,0.037740501,0
yarn,6.0,0.029027555,1
peak,7.0,0.039270352,1
slur,6.0,0.019742265,0
veer,5.0,0.026047047,0
quiz,2.0,0.037834092,1
zips,0.0,0.017175717,0
goes,1.0,0.067378197,0
germ,2.0,0.027211533,1
math,8.0,0.047185976,0
bile,11.0,0.023610086,1
gape,9.0,0.005419269,0
beep,11.0,0.039981282,1
rate,14.0,0.050458055,0
oath,4.0,0.043237163,0
stag,7.0,0.029027555,1
tray,4.0,0.041626321,1
mice,11.0,0.040051475,1
newt,4.0,0.027677688,1
musk,8.0,0.020629578,0
dyer,2.0,0.019742265,0
serf,2.0,0.012580767,0
gimp,3.0,0.02500315,1
ammo,0.0,0.038485628,1
bolt,9.0,0.040415039,1
unto,3.0,0.041217761,0
punt,10.0,0.023016144,1
dote,11.0,0.014006227,0
mode,9.0,0.03816706,0
pail,12.0,0.02500315,1
oxen,3.0,0.019090729,1
hull,13.0,0.036599413,1
hush,9.0,0.041196163,0
balk,11.0,0.005419269,0
loaf,3.0,0.037054769,1
babe,5.0,0.053236983,0
blip,3.0,0.023797268,0
bean,13.0,0.040371844,1
horn,5.0,0.049149583,1
anus,0.0,0.026185634,1
gill,13.0,0.029580101,1
twat,4.0,0.027564299,0
pose,12.0,0.040326848,0
josh,2.0,0.048883209,0
gaze,8.0,0.032629002,0
cram,4.0,0.028636994,0
mend,10.0,0.032866579,0
wren,1.0,0.017998236,1
dusk,8.0,0.026842569,1
void,0.0,0.036378035,0
bunk,12.0,0.03969511,1
noon,8.0,0.047967099,0
auto,1.0,0.041257357,1
cord,10.0,0.040569824,1
boon,10.0,0.031252137,0
warp,10.0,0.038654812,0
flap,9.0,0.032981768,1
clue,3.0,0.047745721,0
coed,2.0,0.0214251,0
czar,0.0,0.022593186,1
stir,1.0,0.039218157,1
iced,0.0,0.036705603,1
flop,7.0,0.03193787,1
crux,1.0,0.016254207,0
blot,7.0,0.02500315,0
smog,1.0,0.026047047,1
hike,8.0,0.04000468,1
ahem,1.0,0.041257357,0
harm,6.0,0.052358669,0
lust,11.0,0.038764601,0
pore,17.0,0.019742265,1
saga,1.0,0.023610086,0
pike,10.0,0.037258149,1
rung,7.0,0.028010655,0
tied,2.0,0.051008801,1
holy,2.0,0.058316085,0
spur,5.0,0.028224834,1
wiry,3.0,0.017598675,0
tony,5.0,0.058379079,0
fond,9.0,0.044964993,0
mull,10.0,0.019742265,0
geek,6.0,0.040460035,1
kiwi,0.0,0.023610086,1
tube,4.0,0.047205774,1
tush,8.0,0.02744911,1
baby,1.0,0.074037544,0
ball,16.0,0.061692554,0
fish,3.0,0.059903529,0
tree,4.0,0.057947121,0
neck,3.0,0.057257789,0
dogs,2.0,0.056356077,0
bird,1.0,0.055151995,0
bike,9.0,0.050753226,0
doll,8.0,0.05040766,0
sand,9.0,0.048854412,0
cage,12.0,0.048845413,0
knee,1.0,0.04632926,0
goat,6.0,0.043732114,0
mule,7.0,0.040569824,0
comb,5.0,0.039423337,0
vase,6.0,0.035879484,0
fern,0.0,0.034445024,0
sled,6.0,0.033748493,0
kite,5.0,0.031873076,0
hair,5.0,0.064665863,0
suit,5.0,0.05837008,0
arms,2.0,0.057295585,0
rain,7.0,0.055724339,0
coat,9.0,0.054549054,0
shoe,3.0,0.052007703,0
soda,1.0,0.04867803,0
lamp,8.0,0.04530516,0
oven,5.0,0.042405644,0
bell,13.0,0.054021706,0
gate,12.0,0.052419863,0
tail,12.0,0.050132287,0
mask,7.0,0.048663631,0
tent,14.0,0.047693526,0
cave,16.0,0.045944097,0
swan,8.0,0.040348446,0
colt,10.0,0.038284048,0
cafe,9.0,0.038017674,0
mayo,0.0,0.03458721,0
beak,9.0,0.031180144,0
lint,9.0,0.027677688,0
boat,9.0,0.060978024,0
hill,13.0,0.053659941,0
rope,12.0,0.049730926,0
nail,10.0,0.048192077,0
soap,6.0,0.046595634,0
lawn,4.0,0.044977592,0
fist,7.0,0.040931589,0
text,4.0,0.038284048,0
taco,2.0,0.034203848,0
pear,13.0,0.027677688,0
milk,5.0,0.054633646,0
leek,8.0,0.016254207,0
rock,9.0,0.060150105,0
sock,11.0,0.042490236,0
book,11.0,0.065774554,0
card,9.0,0.060083512,0
tape,9.0,0.058397077,0
foot,12.0,0.057938122,0
rose,12.0,0.056356077,0
moon,8.0,0.055891723,0
meat,12.0,0.054835226,0
page,8.0,0.053647343,0
bone,14.0,0.050807221,0
belt,10.0,0.050278073,0
weed,10.0,0.044597829,0
dish,6.0,0.04438725,0
worm,9.0,0.043420745,0
fork,9.0,0.042353449,0
pony,5.0,0.041683915,0
crab,5.0,0.040438437,0
pond,3.0,0.039767103,0
sofa,2.0,0.039165962,0
bead,12.0,0.026320621,0
nose,10.0,0.058497867,0
salt,4.0,0.048546642,0
coin,5.0,0.043127374,0
cart,11.0,0.042540631,0
tuna,2.0,0.041588524,0
clam,8.0,0.036036068,0
flea,5.0,0.034725797,0
hoof,8.0,0.029668293,0
wart,16.0,0.027090945,0
beer,11.0,0.059117007,0
bear,19.0,0.056977016,0
lake,13.0,0.053330574,0
pipe,6.0,0.048498047,0
hood,9.0,0.046694624,0
hare,16.0,0.035839888,0
face,10.0,0.069611778,0
ship,8.0,0.0612264,0
desk,3.0,0.054880222,0
bowl,6.0,0.04928637,0
knot,4.0,0.035555516,0
wall,11.0,0.058602257,0
dirt,3.0,0.050693832,0
duck,14.0,0.05040766,0
wing,9.0,0.048831015,0
rice,12.0,0.04653444,0
nest,12.0,0.044142474,0
dice,11.0,0.04367272,0
deer,11.0,0.04224906,0
heel,7.0,0.040972985,0
wool,6.0,0.034349634,0
shin,7.0,0.034155253,0
cone,15.0,0.033748493,0
tofu,0.0,0.033096956,0
tuba,2.0,0.026842569,0
husk,6.0,0.018743363,0
puma,1.0,0.010836738,0
girl,1.0,0.074737676,0
eyes,2.0,0.067531182,0
snow,6.0,0.052250679,0
bath,6.0,0.052193085,0
bull,12.0,0.051230179,0
wood,7.0,0.051082594,0
dime,10.0,0.044790411,0
lace,11.0,0.035596912,0
foam,3.0,0.035173953,0
plum,5.0,0.034952575,0
disc,3.0,0.032749591,0
tarp,4.0,0.025316319,0
bomb,4.0,0.056447868,0
rake,14.0,0.033903277,0
jail,10.0,0.058596858,0
mall,13.0,0.048298267,0
coke,12.0,0.048168679,0
poop,10.0,0.038793398,0
claw,7.0,0.036881986,0
gnat,2.0,0.019090729,0
yoke,5.0,0.019090729,0
aloe,0.0,0.016254207,0
yard,5.0,0.050501251,0
lung,5.0,0.041815302,0
lava,1.0,0.035042566,0
door,3.0,0.06969097,0
ring,10.0,0.060726049,0
gold,9.0,0.059466172,0
hole,11.0,0.057086805,0
cake,17.0,0.055083602,0
mace,12.0,0.035130757,0
rump,8.0,0.028118644,0
food,9.0,0.064710858,0
tank,8.0,0.050670434,0
jeep,7.0,0.043541333,0
boar,4.0,0.031464516,0
beet,10.0,0.015750256,0
room,8.0,0.072885657,0
body,3.0,0.066553878,0
city,2.0,0.065419989,0
wine,16.0,0.057367578,0
skin,7.0,0.054905419,0
hook,12.0,0.053753532,0
roof,7.0,0.053253181,0
wolf,2.0,0.048845413,0
flag,6.0,0.047693526,0
cola,3.0,0.038710606,0
bank,12.0,0.060042116,0
seat,16.0,0.059449974,0
oats,3.0,0.031034359,0
okra,0.0,0.020345206,0
yolk,1.0,0.018743363,0
pool,8.0,0.05541117,0
deck,6.0,0.050087291,0
ruby,0.0,0.044687821,0
cape,13.0,0.041815302,0
bats,4.0,0.039423337,0
mitt,4.0,0.027902666,0
tusk,6.0,0.015210309,0
head,11.0,0.071571786,0
road,5.0,0.062194705,0
butt,4.0,0.053868721,0
veal,9.0,0.035260344,0
mare,18.0,0.033696298,0
knob,3.0,0.032386026,0
park,9.0,0.058758842,0
beef,6.0,0.048624035,0
sink,12.0,0.047434351,0
duct,3.0,0.034301038,0
piss,6.0,0.050027897,0
tomb,3.0,0.038847393,0
wand,8.0,0.034155253,0
toga,1.0,0.024841166,0
mane,15.0,0.0214251,0
yoyo,0.0,0.015750256,0
hand,7.0,0.069350804,0
wire,13.0,0.051230179,0
fort,10.0,0.046714422,0
pill,13.0,0.044635626,0
bees,5.0,0.038429834,0
film,3.0,0.057977718,0
chip,7.0,0.048973201,0
spit,7.0,0.048483649,0
pope,11.0,0.043861702,0
seed,15.0,0.041156567,0
scab,7.0,0.021912853,0
silt,9.0,0.017175717,0
whey,2.0,0.007163298,0
army,1.0,0.06010691,0
limo,4.0,0.042034881,0
reef,4.0,0.036190853,0
gong,6.0,0.032323032,0
star,9.0,0.059700149,0
mail,15.0,0.053512356,0
lily,1.0,0.051042998,0
bald,6.0,0.043112975,0
ramp,7.0,0.033644103,0
moth,4.0,0.031806483,0
moat,7.0,0.026714782,0
fire,10.0,0.067313403,0
bill,14.0,0.062637462,0
band,10.0,0.056413671,0
whip,5.0,0.045470744,0
tile,12.0,0.031252137,0
axes,4.0,0.022593186,0
hall,15.0,0.056194093,0
buck,11.0,0.052824823,0
sash,10.0,0.026455607,0
lane,13.0,0.052747431,0
pole,13.0,0.045125178,0
coal,7.0,0.040051475,0
mike,11.0,0.062192905,0
lock,12.0,0.056861828,0
town,4.0,0.068409496,0
jury,3.0,0.054676842,0
maid,6.0,0.049770522,0
dock,11.0,0.043127374,0
slug,6.0,0.037864689,0
lens,3.0,0.037389536,0
slaw,9.0,0.017175717,0
seal,11.0,0.046359857,0
vein,2.0,0.035344936,0
dent,11.0,0.035217149,0
meth,4.0,0.032069257,0
stem,4.0,0.031671496,0
sign,1.0,0.063558971,0
meal,10.0,0.051604543,0
rash,11.0,0.041626321,0
pier,2.0,0.040028077,0
cube,4.0,0.033903277,0
fizz,1.0,0.021671676,0
kids,2.0,0.069928547,0
note,7.0,0.05643347,0
gown,4.0,0.040028077,0
peel,8.0,0.038458631,0
tool,8.0,0.043890499,0
farm,6.0,0.051915912,0
iron,1.0,0.047891507,0
puke,5.0,0.039669912,0
arch,0.0,0.035555516,0
suds,0.0,0.019742265,0
sill,14.0,0.019423696,0
mink,13.0,0.035596912,0
land,9.0,0.060324688,0
surf,3.0,0.0397923,0
cove,11.0,0.03458721,0
deli,1.0,0.031252137,0
malt,6.0,0.029308328,0
buoy,2.0,0.026714782,0
gift,4.0,0.057887727,0
tear,15.0,0.051082594,0
site,8.0,0.048427854,0
vent,10.0,0.036952179,0
lump,8.0,0.035260344,0
rink,11.0,0.03132413,0
coil,8.0,0.029122946,0
wave,14.0,0.049214377,0
fuse,4.0,0.037709904,0
step,4.0,0.06265186,0
iris,0.0,0.03837224,0
dike,12.0,0.018743363,0
yoga,2.0,0.037020572,0
jump,6.0,0.058506866,0
golf,4.0,0.050645237,0
vest,11.0,0.038764601,0
bark,13.0,0.038654812,0
axel,2.0,0.032808985,0
rust,11.0,0.032508414,0
honk,6.0,0.032197045,0
barb,5.0,0.03193787,0
mist,9.0,0.035260344,0
game,12.0,0.067952341,0
line,16.0,0.066969637,0
loot,14.0,0.035260344,0
puck,12.0,0.033644103,0
axle,1.0,0.027090945,0
mime,8.0,0.026455607,0
seam,12.0,0.02214683,0
loom,8.0,0.018743363,0
kiss,5.0,0.062813844,0
cash,11.0,0.058793038,0
drug,2.0,0.055110599,0
chop,6.0,0.045733518,0
mars,3.0,0.043703317,0
rack,11.0,0.041376145,0
brig,3.0,0.034054463,0
calf,3.0,0.033851083,0
bran,3.0,0.027564299,0
rind,9.0,0.015750256,0
chow,4.0,0.040393441,0
song,8.0,0.060803441,0
dawn,7.0,0.050639837,0
coop,10.0,0.043600727,0
prop,7.0,0.035555516,0
jaws,0.0,0.032866579,0
plow,8.0,0.030341427,0
dune,9.0,0.025467504,0
gyro,0.0,0.016727561,0
inks,1.0,0.012580767,0
dean,9.0,0.053897518,0
male,18.0,0.052869819,0
veil,2.0,0.033851083,0
maze,10.0,0.032690196,0
shot,9.0,0.067736362,0
cell,10.0,0.056548658,0
bite,9.0,0.054306078,0
list,9.0,0.059626357,0
papa,0.0,0.054644445,0
swim,3.0,0.052362268,0
gang,8.0,0.05194291,0
sons,1.0,0.047941902,0
stew,6.0,0.039887691,0
polo,4.0,0.035130757,0
pint,9.0,0.034634006,0
welt,10.0,0.012580767,0
tang,9.0,0.031671496,0
file,11.0,0.054905419,0
mole,13.0,0.041646119,0
mesh,5.0,0.022593186,0
dust,10.0,0.050112489,0
brow,4.0,0.030177643,0
jade,3.0,0.038048271,0
visa,1.0,0.03663541,0
boob,6.0,0.033953673,0
curl,5.0,0.032069257,0
rook,10.0,0.028010655,0
tote,6.0,0.026047047,0
loin,4.0,0.017598675,0
teat,14.0,0.016727561,0
pine,14.0,0.039597919,0
clip,5.0,0.038928385,0
womb,3.0,0.035085762,0
nook,7.0,0.025906661,0
crew,5.0,0.055501161,0
poet,4.0,0.042691816,0
hump,7.0,0.036952179,0
digs,3.0,0.033851083,0
dick,13.0,0.056352477,0
camp,6.0,0.056084304,0
wash,11.0,0.054293479,0
sing,10.0,0.06112381,0
mate,17.0,0.051705333,0
root,12.0,0.043688918,0
swab,9.0,0.032134051,0
burp,4.0,0.02744911,0
back,12.0,0.084764493,0
shit,8.0,0.073486798,0
lady,2.0,0.067370998,0
kick,9.0,0.058899228,0
flab,8.0,0.012580767,0
cook,11.0,0.055171793,0
hail,13.0,0.044765213,0
loft,5.0,0.035470924,0
foal,7.0,0.015750256,0
shop,7.0,0.05643347,0
goop,8.0,0.022593186,0
jack,8.0,0.068524685,0
mama,0.0,0.061598963,0
post,12.0,0.052515254,0
trap,4.0,0.050112489,0
chef,2.0,0.044675222,0
grip,6.0,0.043080578,0
thug,3.0,0.035130757,0
pulp,3.0,0.030094851,0
mite,13.0,0.026714782,0
silo,5.0,0.02500315,0
dark,9.0,0.060367884,0
slab,11.0,0.030177643,0
pita,1.0,0.026320621,0
gear,11.0,0.046996994,0
leak,8.0,0.043435143,0
brie,2.0,0.024677382,0
swat,12.0,0.035879484,0
bong,9.0,0.033374129,0
loon,12.0,0.028118644,0
acid,3.0,0.043298357,0
memo,1.0,0.04009827,0
edge,1.0,0.0500027,0
dyke,3.0,0.032808985,0
wink,11.0,0.035217149,0
brim,5.0,0.024509998,0
cyst,2.0,0.019090729,0
lyre,2.0,0.007163298,0
poke,11.0,0.039140764,0
drop,3.0,0.063400587,0
mark,8.0,0.059764943,0
push,9.0,0.058587858,0
spot,6.0,0.057524163,0
bake,13.0,0.039767103,0
soak,3.0,0.035042566,0
puss,5.0,0.033748493,0
boil,6.0,0.039270352,0
clot,5.0,0.030012059,0
ford,10.0,0.044426846,0
cent,11.0,0.042904195,0
wept,4.0,0.028010655,0
curd,7.0,0.019090729,0
garb,1.0,0.016727561,0
dewy,2.0,0.014630766,0
acre,2.0,0.030094851,0
weld,5.0,0.021912853,0
aunt,5.0,0.056669246,0
feed,11.0,0.054608448,0
grin,5.0,0.033152751,0
roll,4.0,0.057736542,0
clap,10.0,0.037486726,0
teen,4.0,0.036378035,0
peck,8.0,0.035217149,0
limp,10.0,0.03551412,0
pour,7.0,0.046554238,0
drip,3.0,0.038107665,0
reel,8.0,0.03458721,0
vial,2.0,0.02744911,0
wife,6.0,0.071080434,0
muff,4.0,0.025161534,0
home,7.0,0.077311423,0
burn,6.0,0.056672846,0
wrap,2.0,0.047832112,0
grey,3.0,0.042675618,0
herd,8.0,0.04061302,0
fare,16.0,0.039547524,0
trot,2.0,0.030012059,0
king,8.0,0.063319595,0
lead,12.0,0.059881932,0
slip,11.0,0.050753226,0
snap,5.0,0.04764853,0
bump,7.0,0.044977592,0
tide,10.0,0.040931589,0
hash,10.0,0.035217149,0
pelt,5.0,0.02500315,0
gulf,3.0,0.037486726,0
gull,11.0,0.026185634,0
talk,8.0,0.078085348,0
dead,10.0,0.073051241,0
walk,3.0,0.067327802,0
flat,9.0,0.050854016,0
skip,7.0,0.049156783,0
stab,8.0,0.042301254,0
neon,2.0,0.033590108,0
brew,5.0,0.032569608,0
teal,11.0,0.020345206,0
flan,7.0,0.02949011,0
fall,11.0,0.062641061,0
nine,9.0,0.058238693,0
rise,10.0,0.051206782,0
tilt,7.0,0.031603103,0
hymn,0.0,0.029216537,0
oval,2.0,0.027791076,0
maul,3.0,0.016727561,0
flog,6.0,0.016254207,0
etch,2.0,0.013325894,0
dive,12.0,0.045269164,0
halo,3.0,0.029122946,0
slum,9.0,0.027330322,0
pave,11.0,0.018379799,0
call,10.0,0.078144742,0
till,15.0,0.0653084,0
duke,7.0,0.050494052,0
wipe,7.0,0.047416353,0
stud,3.0,0.040481633,0
slam,14.0,0.039088569,0
turd,3.0,0.033320135,0
nuke,3.0,0.032134051,0
ooze,2.0,0.020629578,0
node,9.0,0.020050035,0
tint,7.0,0.016254207,0
show,7.0,0.073708177,0
pull,10.0,0.064295099,0
beat,18.0,0.06346538,0
draw,3.0,0.054234085,0
ogre,1.0,0.028010655,0
trio,2.0,0.02744911,0
grad,5.0,0.033696298,0
pogo,2.0,0.021671676,0
yeti,0.0,0.015750256,0
case,13.0,0.069428196,0
dude,5.0,0.061269596,0
test,12.0,0.059959324,0
wind,11.0,0.057239791,0
dump,8.0,0.051593744,0
pink,12.0,0.051498353,0
navy,1.0,0.050693832,0
trim,5.0,0.036705603,0
wail,12.0,0.024337215,0
cast,12.0,0.049876712,0
meow,0.0,0.033800688,0
dell,14.0,0.032323032,0
taut,2.0,0.022593186,0
tsar,1.0,0.017998236,0
kill,13.0,0.073114235,0
date,12.0,0.064028725,0
mess,6.0,0.05938518,0
copy,2.0,0.056244488,0
scum,2.0,0.043253361,0
chap,5.0,0.0397923,0
pawn,5.0,0.036813592,0
putt,3.0,0.026455607,0
lift,8.0,0.052914814,0
sigh,3.0,0.034907579,0
isle,1.0,0.026966757,0
pair,5.0,0.053598747,0
junk,8.0,0.046685625,0
bend,11.0,0.046523641,0
helm,2.0,0.038458631,0
flex,5.0,0.025316319,0
five,8.0,0.069510988,0
nick,10.0,0.057326182,0
lima,4.0,0.026842569,0
base,10.0,0.053193787,0
yell,10.0,0.048093087,0
bail,14.0,0.047630532,0
leap,6.0,0.040168463,0
grub,1.0,0.033208546,0
skit,8.0,0.02398265,0
lisp,3.0,0.018743363,0
gnaw,1.0,0.017998236,0
cold,11.0,0.063373589,0
vote,3.0,0.05295981,0
swap,9.0,0.035429528,0
sewn,2.0,0.02744911,0
gust,9.0,0.019742265,0
tuft,0.0,0.003169489,0
lacy,5.0,0.021912853,0
vane,8.0,0.016727561,0
boss,4.0,0.063013625,0
pack,13.0,0.054867623,0
thin,6.0,0.048807617,0
tops,3.0,0.040931589,0
howl,4.0,0.031034359,0
peer,11.0,0.028735984,0
oily,2.0,0.025161534,0
pick,12.0,0.066667267,0
bury,7.0,0.048996598,0
java,1.0,0.028735984,0
hunt,9.0,0.050747827,0
roar,5.0,0.03622865,0
chum,1.0,0.034104858,0
damp,7.0,0.033748493,0
thaw,2.0,0.029027555,0
team,7.0,0.064356293,0
heat,11.0,0.054169291,0
pale,13.0,0.041608322,0
wage,9.0,0.034252443,0
duel,4.0,0.032069257,0
lash,11.0,0.029400119,0
club,2.0,0.061217401,0
mash,15.0,0.036917982,0
unit,1.0,0.05336837,0
bang,10.0,0.048732024,0
muck,11.0,0.030420619,0
mesa,3.0,0.02744911,0
prod,4.0,0.022593186,0
hard,10.0,0.07010133,0
blue,3.0,0.061498173,0
lair,4.0,0.032260039,0
skim,6.0,0.024162632,0
ride,13.0,0.063681359,0
arts,2.0,0.042691816,0
taps,2.0,0.032690196,0
blow,8.0,0.06112201,0
loud,3.0,0.054118896,0
bust,12.0,0.051246378,0
beau,6.0,0.039140764,0
buff,4.0,0.032508414,0
area,0.0,0.059057612,0
loan,6.0,0.048685229,0
prom,4.0,0.047814114,0
rode,10.0,0.043629524,0
tore,14.0,0.041871097,0
trip,5.0,0.05980094,0
left,4.0,0.073645183,0
hang,9.0,0.064363492,0
buzz,1.0,0.046978996,0
stop,5.0,0.076604093,0
hold,10.0,0.072835262,0
side,8.0,0.066766257,0
chug,2.0,0.032004464,0
snip,4.0,0.031252137,0
fest,13.0,0.027791076,0
glop,6.0,0.003169489,0
mush,13.0,0.033429924,0
orgy,0.0,0.029580101,0
soar,9.0,0.028735984,0
hear,16.0,0.074714278,0
boom,8.0,0.049414157,0
chat,4.0,0.047130181,0
demo,1.0,0.034680801,0
jock,8.0,0.042474038,0
ding,8.0,0.039372941,0
glow,7.0,0.039007577,0
diva,1.0,0.028735984,0
reps,0.0,0.024677382,0
sumo,0.0,0.02398265,0
typo,2.0,0.022373607,0
load,7.0,0.051699933,0
mile,17.0,0.049120786,0
idol,0.0,0.033320135,0
brat,5.0,0.039621317,0
peek,13.0,0.038429834,0
snag,5.0,0.030420619,0
slid,6.0,0.030177643,0
spat,11.0,0.028834974,0
hurt,3.0,0.068360901,0
wear,13.0,0.062011123,0
laid,7.0,0.051890715,0
sway,10.0,0.032629002,0
guru,0.0,0.028735984,0
hiss,4.0,0.024841166,0
full,11.0,0.065317399,0
race,13.0,0.057565559,0
gene,2.0,0.046266266,0
aide,7.0,0.030884973,0
fume,2.0,0.014630766,0
live,11.0,0.070983244,0
axis,1.0,0.029027555,0
kink,10.0,0.022373607,0
mine,17.0,0.068504887,0
read,12.0,0.068195317,0
word,10.0,0.068009935,0
warm,9.0,0.05622469,0
inky,2.0,0.014006227,0
fell,14.0,0.058854232,0
huge,0.0,0.055637947,0
firm,4.0,0.053172189,0
rang,11.0,0.03857022,0
toll,9.0,0.034817588,0
ware,21.0,0.03153471,0
levy,0.0,0.030579003,0
cool,10.0,0.066568276,0
down,4.0,0.082428322,0
grab,6.0,0.058622055,0
grew,5.0,0.051716132,0
bash,14.0,0.034634006,0
odor,0.0,0.032004464,0
sect,2.0,0.023016144,0
spar,9.0,0.022807365,0
bawl,3.0,0.020903151,0
name,8.0,0.075844567,0
pain,7.0,0.061150807,0
wavy,4.0,0.020903151,0
work,9.0,0.0775472,0
week,9.0,0.068107126,0
rent,13.0,0.053010205,0
puff,4.0,0.037020572,0
keel,6.0,0.026842569,0
wade,9.0,0.047223772,0
suck,14.0,0.053083998,0
gray,7.0,0.049163982,0
clan,8.0,0.036378035,0
icon,1.0,0.029668293,0
crud,1.0,0.02561689,0
gunk,7.0,0.019742265,0
doze,9.0,0.018379799,0
oral,2.0,0.036777596,0
hick,10.0,0.030809381,0
turn,4.0,0.070067133,0
mass,10.0,0.047587336,0
runt,9.0,0.032386026,0
slop,10.0,0.030177643,0
aids,2.0,0.025906661,0
ream,8.0,0.014006227,0
ache,3.0,0.032508414,0
safe,8.0,0.064120516,0
rosy,3.0,0.034725797,0
apex,0.0,0.024162632,0
bind,10.0,0.034817588,0
dash,10.0,0.039398139,0
hulk,6.0,0.036340239,0
shut,5.0,0.068895448,0
deep,9.0,0.059208798,0
halt,5.0,0.044264862,0
bred,1.0,0.032386026,0
gush,10.0,0.022807365,0
wove,7.0,0.014630766,0
four,6.0,0.068654272,0
spun,6.0,0.02949011,0
days,1.0,0.070047335,0
tall,14.0,0.052491856,0
sell,12.0,0.060684653,0
sort,6.0,0.064415687,0
atom,1.0,0.03326434,0
well,13.0,0.087872788,0
scat,9.0,0.027330322,0
grit,5.0,0.02500315,0
fast,10.0,0.063800148,0
fill,15.0,0.054887421,0
huff,4.0,0.027564299,0
hung,7.0,0.051411962,0
anal,0.0,0.033152751,0
blur,2.0,0.03132413,0
part,10.0,0.068827055,0
acts,1.0,0.045051385,0
slow,12.0,0.059171001,0
edit,2.0,0.028636994,0
riff,1.0,0.026320621,0
half,4.0,0.066697864,0
deaf,5.0,0.046244668,0
tart,8.0,0.032197045,0
quip,2.0,0.010836738,0
move,8.0,0.072495095,0
year,12.0,0.069302208,0
opus,0.0,0.024677382,0
play,5.0,0.071204622,0
mute,6.0,0.032508414,0
bulk,7.0,0.030420619,0
oink,7.0,0.026047047,0
ugly,0.0,0.054563453,0
sore,13.0,0.046493044,0
tale,13.0,0.044752614,0
nerd,2.0,0.034680801,0
born,9.0,0.059921528,0
slob,7.0,0.03530354,0
emit,3.0,0.018379799,0
open,3.0,0.070414499,0
hide,9.0,0.058490668,0
view,0.0,0.053861522,0
pray,5.0,0.053377369,0
expo,0.0,0.018379799,0
thud,2.0,0.030579003,0
fuck,9.0,0.071717572,0
oozy,2.0,0.003169489,0
long,6.0,0.076240528,0
fund,4.0,0.043789709,0
fray,4.0,0.02500315,0
ping,10.0,0.034680801,0
kilo,4.0,0.028932165,0
user,1.0,0.028834974,0
woke,8.0,0.050893612,0
itch,2.0,0.03652562,0
shag,4.0,0.030420619,0
hazy,2.0,0.023797268,0
sour,10.0,0.039113767,0
aged,2.0,0.035344936,0
stun,4.0,0.030341427,0
smut,3.0,0.027902666,0
swag,9.0,0.020050035,0
here,8.0,0.091110671,0
rage,10.0,0.044291859,0
wake,14.0,0.061710552,0
tiny,3.0,0.052463059,0
pace,10.0,0.042985187,0
deal,14.0,0.068823455,0
hour,5.0,0.06509782,0
punk,11.0,0.049477151,0
zoom,4.0,0.035260344,0
slay,10.0,0.03132413,0
watt,4.0,0.030341427,0
coot,15.0,0.022807365,0
sung,8.0,0.035130757,0
time,7.0,0.084564713,0
hero,5.0,0.055871925,0
zone,8.0,0.048786019,0
sham,7.0,0.028636994,0
cite,7.0,0.02500315,0
rant,8.0,0.022373607,0
exes,2.0,0.015750256,0
take,13.0,0.084291139,0
goal,3.0,0.047353359,0
them,4.0,0.083812386,0
last,10.0,0.076776876,0
lord,7.0,0.063839744,0
felt,7.0,0.062727453,0
rest,11.0,0.067221612,0
grow,4.0,0.057255989,0
sang,13.0,0.041795504,0
tech,0.0,0.039839096,0
tidy,2.0,0.035596912,0
bask,9.0,0.021167726,0
meet,4.0,0.071156027,0
code,10.0,0.056370476,0
fail,13.0,0.050351866,0
wore,19.0,0.049192779,0
dope,14.0,0.047034791,0
darn,9.0,0.045900902,0
lean,10.0,0.043615126,0
coup,2.0,0.032866579,0
ante,1.0,0.031464516,0
span,8.0,0.030733788,0
reek,9.0,0.024677382,0
waft,6.0,0.011756448,0
said,7.0,0.080115549,0
both,2.0,0.069777362,0
sick,13.0,0.065247206,0
look,11.0,0.084519717,0
seen,8.0,0.071848959,0
sold,9.0,0.056212091,0
achy,2.0,0.019423696,0
they,4.0,0.090345746,0
veto,0.0,0.024677382,0
temp,1.0,0.034004068,0
bonk,9.0,0.017175717,0
tell,13.0,0.08356941,0
joke,5.0,0.058856032,0
rush,10.0,0.052265078,0
wimp,4.0,0.034252443,0
wilt,7.0,0.030094851,0
spec,2.0,0.024337215,0
fury,2.0,0.035839888,0
mini,4.0,0.035388132,0
raid,5.0,0.042106874,0
zero,1.0,0.04928637,0
flaw,9.0,0.034054463,0
sulk,5.0,0.023219524,0
roam,5.0,0.034907579,0
lurk,3.0,0.018743363,0
task,6.0,0.045209769,0
beta,0.0,0.03499757,0
give,6.0,0.080524109,0
calm,4.0,0.06040568,0
dolt,6.0,0.020629578,0
term,3.0,0.047675528,0
redo,0.0,0.029027555,0
lush,9.0,0.026714782,0
even,2.0,0.078274329,0
kept,1.0,0.060438077,0
near,12.0,0.059867533,0
rich,1.0,0.059608358,0
solo,4.0,0.042106874,0
idle,2.0,0.033320135,0
eyed,1.0,0.023219524,0
less,3.0,0.062137111,0
ouch,2.0,0.044045284,0
romp,3.0,0.020629578,0
once,0.0,0.070990443,0
sake,15.0,0.057844531,0
semi,0.0,0.032004464,0
cusp,1.0,0.015750256,0
noel,0.0,0.048282068,0
oust,7.0,0.005419269,0
come,12.0,0.088256151,0
fact,5.0,0.065578373,0
pass,6.0,0.061922932,0
send,9.0,0.065898742,0
snob,5.0,0.031464516,0
pang,10.0,0.029027555,0
life,7.0,0.077532802,0
omen,4.0,0.029580101,0
wait,7.0,0.07785677,0
seek,10.0,0.048051691,0
wham,4.0,0.030499811,0
twit,3.0,0.028010655,0
ditz,0.0,0.00979284,0
byte,1.0,0.00979284,0
make,16.0,0.081872177,0
lost,11.0,0.069192419,0
lazy,3.0,0.044479041,0
obey,0.0,0.042456039,0
hoax,1.0,0.032260039,0
aura,0.0,0.030094851,0
fret,2.0,0.030260434,0
will,14.0,0.085198251,0
same,15.0,0.072477097,0
used,1.0,0.070972445,0
sexy,0.0,0.051901514,0
scam,10.0,0.039522327,0
find,10.0,0.077863969,0
whir,3.0,0.008588758,0
fine,11.0,0.075292021,0
took,8.0,0.070929249,0
hers,4.0,0.046862008,0
cozy,2.0,0.03887439,0
late,11.0,0.069068231,0
sent,12.0,0.063830745,0
none,13.0,0.062101114,0
ruin,1.0,0.051514552,0
noir,0.0,0.023797268,0
puny,3.0,0.028331024,0
shun,4.0,0.020345206,0
fear,12.0,0.058422275,0
rule,5.0,0.055600151,0
lied,2.0,0.054864023,0
dole,14.0,0.025161534,0
help,6.0,0.07866849,0
next,4.0,0.073116035,0
quit,3.0,0.060499271,0
undo,1.0,0.036881986,0
miss,8.0,0.07336981,0
jive,5.0,0.02949011,0
snug,4.0,0.028224834,0
flux,3.0,0.025762675,0
wane,14.0,0.015210309,0
flub,3.0,0.005419269,0
made,11.0,0.07479707,0
rude,6.0,0.049504149,0
afar,1.0,0.026586994,0
daze,7.0,0.020903151,0
diss,9.0,0.019090729,0
mean,9.0,0.08101726,0
mind,12.0,0.073648782,0
real,12.0,0.072943252,0
cost,9.0,0.05663145,0
some,6.0,0.083582009,0
neat,10.0,0.045040586,0
over,2.0,0.081499613,0
onto,2.0,0.053478159,0
muse,7.0,0.030499811,0
feat,12.0,0.028735984,0
pomp,4.0,0.018379799,0
mock,9.0,0.038485628,0
glam,5.0,0.017175717,0
save,14.0,0.06509962,0
nigh,2.0,0.02398265,0
only,1.0,0.079939166,0
hell,16.0,0.073422005,0
busy,4.0,0.061807743,0
wild,5.0,0.056964417,0
brag,4.0,0.035173953,0
snub,3.0,0.018379799,0
foul,6.0,0.046212271,0
fair,4.0,0.060891633,0
plea,1.0,0.040371844,0
info,1.0,0.035596912,0
most,10.0,0.07112183,0
gave,13.0,0.068274509,0
sync,0.0,0.034680801,0
hark,11.0,0.02949011,0
your,5.0,0.0938752,0
more,15.0,0.081352028,0
keep,9.0,0.076555498,0
many,2.0,0.071312611,0
dull,13.0,0.044803009,0
glad,3.0,0.065524379,0
dumb,2.0,0.05540757,0
nope,11.0,0.053101996,0
curt,8.0,0.033039362,0
lore,16.0,0.022373607,0
care,20.0,0.073659581,0
zeal,7.0,0.021671676,0
lull,7.0,0.026714782,0
told,9.0,0.076517701,0
into,3.0,0.077989957,0
feel,7.0,0.075664585,0
glee,3.0,0.026455607,0
amid,3.0,0.024509998,0
zest,9.0,0.022593186,0
chic,2.0,0.032004464,0
went,14.0,0.072370908,0
dear,16.0,0.067597775,0
lose,11.0,0.065196811,0
does,3.0,0.076141538,0
odds,0.0,0.048346862,0
lewd,2.0,0.027330322,0
away,2.0,0.076859668,0
dibs,2.0,0.03193787,0
dupe,4.0,0.02214683,0
meek,7.0,0.029668293,0
ploy,5.0,0.028735984,0
loss,7.0,0.051672936,0
thou,0.0,0.049635536,0
role,12.0,0.048010295,0
foxy,1.0,0.034104858,0
epic,0.0,0.032069257,0
have,11.0,0.093524235,0
nice,7.0,0.075938158,0
myth,3.0,0.040438437,0
stay,7.0,0.074132935,0
jest,10.0,0.027677688,0
idly,1.0,0.021912853,0
this,2.0,0.095543637,0
omit,1.0,0.015750256,0
must,14.0,0.076514102,0
norm,3.0,0.034772592,0
glum,5.0,0.02561689,0
vast,8.0,0.039473732,0
deem,4.0,0.0214251,0
love,9.0,0.080160544,0
kind,8.0,0.075194831,0
easy,2.0,0.068951243,0
nosy,3.0,0.033483919,0
mega,1.0,0.023610086,0
gone,11.0,0.069815158,0
oops,1.0,0.044003888,0
what,3.0,0.097185076,0
with,2.0,0.091965587,0
done,17.0,0.073655982,0
damn,4.0,0.069458793,0
ways,1.0,0.056147298,0
ahoy,0.0,0.035596912,0
icky,1.0,0.026842569,0
amok,0.0,0.020345206,0
jilt,5.0,0.003169489,0
hate,10.0,0.067281006,0
fake,13.0,0.053402567,0
wise,9.0,0.051498353,0
rare,13.0,0.049235975,0
want,11.0,0.08724465,0
rely,0.0,0.040742607,0
urge,0.0,0.040145066,0
heed,10.0,0.030012059,0
vary,2.0,0.024841166,0
been,9.0,0.083625205,0
like,11.0,0.090144166,0
yeah,1.0,0.08786019,0
okay,0.0,0.084753694,0
vibe,4.0,0.038255251,0
loco,2.0,0.030733788,0
hypo,2.0,0.016727561,0
pure,6.0,0.050458055,0
pity,2.0,0.0500027,0
edgy,1.0,0.031806483,0
soul,4.0,0.059268192,0
defy,2.0,0.034203848,0
came,17.0,0.073303216,0
from,2.0,0.084879682,0
yuck,8.0,0.035798492,0
smug,4.0,0.032197045,0
grim,8.0,0.037583917,0
ours,0.0,0.053181188,0
gist,5.0,0.026185634,0
soon,7.0,0.068710066,0
sane,16.0,0.038681809,0
ably,2.0,0.012580767,0
wish,6.0,0.067995536,0
wits,1.0,0.033590108,0
tact,6.0,0.026185634,0
seem,7.0,0.063933335,0
hype,3.0,0.029216537,0
sure,5.0,0.080054355,0
lieu,1.0,0.026320621,0
anew,1.0,0.024337215,0
avid,3.0,0.020050035,0
moot,12.0,0.026714782,0
akin,1.0,0.015750256,0
true,1.0,0.068578679,0
past,12.0,0.062979428,0
need,8.0,0.08133043,0
much,4.0,0.079098648,0
than,4.0,0.076944259,0
whim,5.0,0.032004464,0
know,4.0,0.092944691,0
bias,1.0,0.029122946,0
iffy,0.0,0.020345206,0
good,8.0,0.086809093,0
else,1.0,0.073054841,0
knew,3.0,0.071517791,0
risk,3.0,0.055745937,0
idea,0.0,0.071303612,0
keen,5.0,0.037054769,0
when,3.0,0.084859884,0
best,14.0,0.072234121,0
lone,15.0,0.038314645,0
wont,4.0,0.029027555,0
zany,1.0,0.013325894,0
ruse,8.0,0.029400119,0
alas,0.0,0.035839888,0
that,6.0,0.1,0
fate,12.0,0.051071795,0
just,8.0,0.091488634,0
were,5.0,0.083285038,0
ever,2.0,0.076625691,0
such,3.0,0.069667573,0
then,7.0,0.082424722,0
very,2.0,0.080999262,0
mere,4.0,0.041453538,0
thus,3.0,0.044954194,0
luck,12.0,0.064674862,0
hope,11.0,0.070419899,0
zing,7.0,0.026714782,0
