BaseWords,WordNeighbors,PseudowordNeighbors,WordNonNeighbors,PseudowordNonNeighbors,ONsize_BaseWords,ONsize_WordNeighbors,ONsize_PseudowordNeighbors,ONsize_WordNonNeighbors,ONsize_PseudowordNonNeighbors,Freq_BaseWords,Freq_WordNeighbors,Freq_WordNonNeighbors,Conc_BaseWords,Conc_WordNeighbors,Conc_WordNonNeighbors,ID_BaseWords,ID_WordNeighbors,ID_WordNonNeighbors
trod,trot,trov,acne,ayre,2,2,2,2,2,0.019423696,0.030012059,0.024677382,0,0,1,0,942,408
acre,acne,ayre,trot,trov,2,2,2,2,2,0.030094851,0.024677382,0.030012059,0,1,0,920,408,942
slew,flew,slep,wood,doof,7,7,7,7,7,0.027564299,0.046694624,0.051082594,0,0,0,3,426,626
woof,wood,doof,flew,slep,7,7,7,7,7,0.033320135,0.051082594,0.046694624,1,0,0,352,626,426
jolt,jilt,joat,crew,crom,5,5,5,5,5,0.027902666,0.003169489,0.055501161,0,0,0,18,1501,854
crow,crew,crom,jilt,joat,5,5,5,5,5,0.037020572,0.055501161,0.003169489,1,0,0,155,854,1501
awed,aged,bwed,itch,ptch,2,2,2,2,2,0.00979284,0.035344936,0.03652562,0,0,0,34,1253,1249
etch,itch,ptch,aged,bwed,2,2,2,2,2,0.013325894,0.03652562,0.035344936,0,0,0,971,1249,1253
bare,hare,bane,hear,mear,16,16,16,16,16,0.041907093,0.035839888,0.074714278,0,0,0,38,599,1104
rear,hear,mear,hare,bane,16,16,16,16,16,0.045027987,0.074714278,0.035839888,0,0,0,381,1104,599
flee,fled,flef,skid,skiw,6,6,6,6,6,0.037223952,0.036917982,0.031464516,0,0,1,42,311,230
skim,skid,skiw,fled,flef,6,6,6,6,6,0.024162632,0.031464516,0.036917982,0,1,0,1076,230,311
hone,none,fone,tell,kell,13,13,13,13,13,0.023016144,0.062101114,0.08356941,0,0,0,47,1384,1312
bell,tell,kell,none,fone,13,13,13,13,13,0.054021706,0.08356941,0.062101114,0,0,0,540,1312,1384
plot,blot,plom,haze,dafe,7,7,7,7,7,0.044479041,0.02500315,0.028636994,0,0,1,57,491,269
daze,haze,dafe,blot,plom,7,7,7,7,7,0.020903151,0.028636994,0.02500315,0,1,0,1406,269,491
tier,pier,tiev,ably,atle,2,2,2,2,2,0.025906661,0.040028077,0.012580767,0,0,0,58,749,1532
able,ably,atle,pier,tiev,2,2,2,2,2,0.064982632,0.012580767,0.040028077,0,0,0,150,1532,749
fold,mold,lold,seal,peal,11,11,11,11,11,0.042177067,0.036741599,0.046359857,1,1,0,59,113,741
teal,seal,peal,mold,lold,11,11,11,11,11,0.020345206,0.046359857,0.036741599,0,0,1,961,741,113
dung,hung,duny,roof,pooy,7,7,7,7,7,0.029841076,0.051411962,0.053253181,1,0,0,61,1208,664
poof,roof,pooy,hung,duny,7,7,7,7,7,0.031394323,0.053253181,0.051411962,0,0,0,420,664,1208
thee,tree,thel,next,nezt,4,4,4,4,4,0.050794622,0.057947121,0.073116035,0,0,0,63,515,1394
newt,next,nezt,tree,thel,4,4,4,4,4,0.027677688,0.073116035,0.057947121,1,0,0,445,1394,515
torn,porn,toin,leak,veek,8,8,8,8,8,0.043960692,0.04449344,0.043435143,1,1,0,66,197,891
leek,leak,veek,porn,toin,8,8,8,8,8,0.016254207,0.043435143,0.04449344,0,0,1,563,891,197
coma,cola,comu,drop,mrip,3,3,3,3,3,0.044928997,0.038710606,0.063400587,0,0,0,72,667,905
drip,drop,mrip,cola,comu,3,3,3,3,3,0.038107665,0.063400587,0.038710606,0,0,0,931,905,667
dire,dice,dipe,head,helt,11,11,11,11,11,0.03153471,0.04367272,0.071571786,0,0,0,74,611,680
heat,head,helt,dice,dipe,11,11,11,11,11,0.054169291,0.071571786,0.04367272,0,0,0,1061,680,611
stow,stop,smow,tour,houl,5,5,5,5,5,0.027211533,0.076604093,0.052113893,0,0,0,80,1094,15
hour,tour,houl,stop,smow,5,5,5,5,5,0.06509782,0.052113893,0.076604093,0,0,0,1263,15,1094
east,vast,zast,dump,vump,8,8,8,8,8,0.055826929,0.039473732,0.051593744,0,0,0,83,1484,1000
rump,dump,vump,vast,zast,8,8,8,8,8,0.028118644,0.051593744,0.039473732,0,0,0,652,1000,1484
sate,same,wate,mill,foll,15,15,15,15,15,0.007163298,0.072477097,0.042952791,0,0,1,91,1372,310
fill,mill,foll,same,wate,15,15,15,15,15,0.054887421,0.042952791,0.072477097,0,1,0,1206,310,1372
reap,leap,reau,foul,kour,6,6,6,6,6,0.032808985,0.040168463,0.046212271,0,0,0,102,1032,1429
four,foul,kour,leap,reau,6,6,6,6,6,0.068654272,0.046212271,0.040168463,0,0,0,1195,1429,1032
awry,airy,awsy,etch,ijch,2,2,2,2,2,0.020903151,0.016727561,0.013325894,0,0,0,103,106,971
itch,etch,ijch,airy,awsy,2,2,2,2,2,0.03652562,0.013325894,0.016727561,0,0,0,1249,971,106
ogle,ogre,oglg,ajar,xfar,1,1,1,1,1,0.017998236,0.028010655,0.019423696,0,0,0,119,991,347
afar,ajar,xfar,ogre,oglg,1,1,1,1,1,0.026586994,0.019423696,0.028010655,0,0,0,1405,347,991
tick,nick,oick,dash,nash,10,10,10,10,10,0.040827199,0.057326182,0.039398139,1,0,0,141,1027,1187
sash,dash,nash,nick,oick,10,10,10,10,10,0.026455607,0.039398139,0.057326182,0,0,0,728,1187,1027
axed,axes,aoed,brag,trag,4,4,4,4,4,0.016254207,0.022593186,0.035173953,0,0,0,143,725,1427
drag,brag,trag,axes,aoed,4,4,4,4,4,0.05092241,0.035173953,0.022593186,1,0,0,306,1427,725
beam,beak,beem,sand,lant,9,9,9,9,9,0.042265258,0.031180144,0.048854412,1,0,0,188,550,521
land,sand,lant,beak,beem,9,9,9,9,9,0.060324688,0.048854412,0.031180144,0,0,0,764,521,550
porn,torn,jorn,leek,teak,8,8,8,8,8,0.04449344,0.043960692,0.016254207,1,1,0,197,66,563
leak,leek,teak,torn,jorn,8,8,8,8,8,0.043435143,0.016254207,0.043960692,0,0,1,891,563,66
boxy,body,noxy,term,cerm,3,3,3,3,3,0.012580767,0.066553878,0.047675528,0,0,0,200,659,1331
perm,term,cerm,body,noxy,3,3,3,3,3,0.025467504,0.047675528,0.066553878,1,0,0,292,1331,659
toss,boss,tots,duel,daet,4,4,4,4,4,0.04500279,0.063013625,0.032069257,1,0,0,217,1045,1064
duet,duel,daet,boss,tots,4,4,4,4,4,0.02744911,0.032069257,0.063013625,1,0,0,309,1064,1045
cant,rant,cint,goop,gord,8,8,8,8,8,0.032004464,0.022373607,0.022593186,0,0,0,224,1275,876
good,goop,gord,rant,cint,8,8,8,8,8,0.086809093,0.022593186,0.022373607,0,0,0,1553,876,1275
sift,soft,shft,play,pram,5,5,5,5,5,0.023219524,0.052416263,0.071204622,1,1,0,225,361,1223
pray,play,pram,soft,shft,5,5,5,5,5,0.053377369,0.071204622,0.052416263,0,0,1,1237,1223,361
deed,feed,aeed,lust,fost,11,11,11,11,11,0.042774608,0.054608448,0.038764601,1,0,0,226,923,496
lost,lust,fost,feed,aeed,11,11,11,11,11,0.069192419,0.038764601,0.054608448,0,0,0,1365,496,923
rave,gave,bave,pest,hest,13,13,13,13,13,0.032629002,0.068274509,0.033590108,0,0,1,234,1434,85
fest,pest,hest,gave,bave,13,13,13,13,13,0.027791076,0.033590108,0.068274509,0,1,0,1099,85,1434
burr,burp,burq,know,knet,4,4,4,4,4,0.022593186,0.02744911,0.092944691,1,0,0,241,865,1550
knot,know,knet,burp,burq,4,4,4,4,4,0.035555516,0.092944691,0.02744911,0,0,0,604,1550,865
logo,loco,logf,exes,eyey,2,2,2,2,2,0.030012059,0.030733788,0.015750256,1,0,0,252,1516,1276
eyes,exes,eyey,loco,logf,2,2,2,2,2,0.067531182,0.015750256,0.030733788,0,0,0,622,1276,1516
kilt,wilt,cilt,hump,eump,7,7,7,7,7,0.021671676,0.030094851,0.036952179,1,0,0,262,1316,856
bump,hump,eump,wilt,cilt,7,7,7,7,7,0.044977592,0.036952179,0.030094851,0,0,0,947,856,1316
yelp,kelp,aelp,cuss,wuss,3,3,3,3,3,0.010836738,0.027090945,0.025906661,0,1,0,276,395,409
fuss,cuss,wuss,kelp,aelp,3,3,3,3,3,0.040699411,0.025906661,0.027090945,0,0,1,363,409,395
gram,grab,grag,leer,ieer,6,6,6,6,6,0.032808985,0.058622055,0.020345206,1,0,1,8,1151,330
jeer,leer,ieer,grab,grag,6,6,6,6,6,0.005419269,0.020345206,0.058622055,0,1,0,281,330,1151
sunk,sink,lunk,gate,gase,12,12,12,12,12,0.037357139,0.047434351,0.052419863,0,0,0,284,688,541
game,gate,gase,sink,lunk,12,12,12,12,12,0.067952341,0.052419863,0.047434351,0,0,0,792,541,688
pork,cork,mork,cunt,wunt,9,9,9,9,9,0.043732114,0.033590108,0.040393441,1,1,1,285,295,96
runt,cunt,wunt,cork,mork,9,9,9,9,9,0.032386026,0.040393441,0.033590108,0,1,1,1178,96,295
bunt,hunt,munt,work,corl,9,9,9,9,9,0.023797268,0.050747827,0.0775472,0,0,0,51,1055,1161
cork,work,corl,hunt,munt,9,9,9,9,9,0.033590108,0.0775472,0.050747827,1,0,0,295,1161,1055
fool,cool,forl,tide,bive,10,10,10,10,10,0.060432678,0.066568276,0.040931589,0,0,0,336,1149,948
bide,tide,bive,cool,forl,10,10,10,10,10,0.020903151,0.040931589,0.066568276,0,0,0,362,948,1149
dove,dose,hove,read,weal,12,12,12,12,12,0.038764601,0.03837224,0.068195317,1,1,0,338,417,1138
real,read,weal,dose,hove,12,12,12,12,12,0.072943252,0.068195317,0.03837224,0,0,1,1410,1138,417
lack,pack,mack,bell,gell,13,13,13,13,13,0.047805115,0.054867623,0.054021706,0,0,0,353,1046,540
well,bell,gell,pack,mack,13,13,13,13,13,0.087872788,0.054021706,0.054867623,0,0,0,1202,540,1046
perk,peak,pere,shin,skil,7,7,7,7,7,0.028118644,0.039270352,0.034155253,0,1,0,355,429,615
skin,shin,skil,peak,pere,7,7,7,7,7,0.054905419,0.034155253,0.039270352,0,0,1,662,615,429
tyke,type,myke,puff,bufy,4,4,4,4,4,0.020629578,0.057405374,0.037020572,1,0,0,377,163,1164
buff,puff,bufy,type,myke,4,4,4,4,4,0.032508414,0.037020572,0.057405374,0,0,0,1084,1164,163
crop,chop,srop,husk,tulk,6,6,6,6,6,0.037709904,0.045733518,0.018743363,1,0,0,384,803,619
tusk,husk,tulk,chop,srop,6,6,6,6,6,0.015210309,0.018743363,0.045733518,0,0,0,679,619,803
fend,bend,fead,worn,harn,11,11,11,11,11,0.024841166,0.046523641,0.043390148,0,0,0,110,1023,421
warn,worn,harn,bend,fead,11,11,11,11,11,0.050591242,0.043390148,0.046523641,0,0,0,388,421,1023
soup,soul,sonp,fawn,lawy,4,4,4,4,4,0.050542647,0.059268192,0.022807365,1,0,1,401,1521,78
lawn,fawn,lawy,soul,sonp,4,4,4,4,4,0.044977592,0.022807365,0.059268192,0,1,0,557,78,1521
pane,lane,pame,hill,jill,13,13,13,13,13,0.019742265,0.052747431,0.053659941,1,0,0,416,729,553
gill,hill,jill,lane,pame,13,13,13,13,13,0.029580101,0.053659941,0.052747431,1,0,0,467,553,729
opal,oval,opat,quip,buiz,2,2,2,2,2,0.02561689,0.027791076,0.010836738,1,0,0,221,968,1219
quiz,quip,buiz,oval,opat,2,2,2,2,2,0.037834092,0.010836738,0.027791076,1,0,0,432,1219,968
rate,rake,pate,tent,deat,14,14,14,14,14,0.050458055,0.033903277,0.047693526,0,0,0,440,634,544
teat,tent,deat,rake,pate,14,14,14,14,14,0.016727561,0.047693526,0.033903277,0,0,0,849,544,634
bolt,boat,bult,land,pand,9,9,9,9,9,0.040415039,0.060978024,0.060324688,1,0,0,451,552,764
sand,land,pand,boat,bult,9,9,9,9,9,0.048854412,0.060324688,0.060978024,0,0,0,521,764,552
poll,pool,poil,musk,fusk,8,8,8,8,8,0.032508414,0.05541117,0.020629578,0,0,0,293,673,446
dusk,musk,fusk,pool,poil,8,8,8,8,8,0.026842569,0.020629578,0.05541117,1,0,0,475,446,673
warp,wary,warl,beet,delt,10,10,10,10,10,0.038654812,0.023219524,0.015750256,0,0,0,482,165,657
belt,beet,delt,wary,warl,10,10,10,10,10,0.050278073,0.015750256,0.023219524,0,0,0,575,657,165
kelp,yelp,xelp,blue,ulue,3,3,3,3,3,0.027090945,0.010836738,0.061498173,1,0,0,395,276,1074
clue,blue,ulue,yelp,xelp,3,3,3,3,3,0.047745721,0.061498173,0.010836738,0,0,0,484,1074,276
moss,loss,hoss,blob,beot,7,7,7,7,7,0.033537913,0.051672936,0.026714782,1,0,1,191,1468,115
blot,blob,beot,loss,hoss,7,7,7,7,7,0.02500315,0.026714782,0.051672936,0,1,0,491,115,1468
mull,pull,rull,hash,yash,10,10,10,10,10,0.019742265,0.064295099,0.035217149,0,0,0,507,988,949
dash,hash,yash,pull,rull,10,10,10,10,10,0.039398139,0.035217149,0.064295099,0,0,0,1187,949,988
drab,drag,drub,lube,tuee,4,4,4,4,4,0.023797268,0.05092241,0.022593186,0,1,1,256,306,89
tube,lube,tuee,drag,drub,4,4,4,4,4,0.047205774,0.022593186,0.05092241,1,1,1,510,89,306
funk,fuck,kunk,bite,cike,9,9,9,9,9,0.034349634,0.071717572,0.054306078,0,0,0,170,1240,826
bike,bite,cike,fuck,kunk,9,9,9,9,9,0.050753226,0.054306078,0.071717572,0,0,0,519,826,1240
mule,muse,muce,coal,boal,7,7,7,7,7,0.040569824,0.030499811,0.040051475,0,0,0,525,1416,731
foal,coal,boal,muse,muce,7,7,7,7,7,0.015750256,0.040051475,0.030499811,0,0,0,874,731,1416
hair,pair,jair,flea,flec,5,5,5,5,5,0.064665863,0.053598747,0.034725797,0,0,0,531,1021,591
flex,flea,flec,pair,jair,5,5,5,5,5,0.025316319,0.034725797,0.053598747,0,0,0,1025,591,1021
arms,arts,armp,logo,locb,2,2,2,2,2,0.057295585,0.042691816,0.030012059,0,0,1,533,1078,252
loco,logo,locb,arts,armp,2,2,2,2,2,0.030733788,0.030012059,0.042691816,0,1,0,1516,252,1078
doll,poll,dool,lump,gamp,8,8,8,8,8,0.05040766,0.032508414,0.035260344,0,0,0,520,293,774
lamp,lump,gamp,poll,dool,8,8,8,8,8,0.04530516,0.035260344,0.032508414,0,0,0,538,774,293
tent,went,hent,wave,sase,14,14,14,14,14,0.047693526,0.072370908,0.049214377,0,0,0,544,1457,777
save,wave,sase,went,hent,14,14,14,14,14,0.06509962,0.049214377,0.072370908,0,0,0,1421,777,1457
swan,span,swak,boom,toom,8,8,8,8,8,0.040348446,0.030733788,0.049414157,0,0,0,546,1298,1105
room,boom,toom,span,swak,8,8,8,8,8,0.072885657,0.049414157,0.030733788,0,0,0,658,1105,1298
lint,list,kint,park,yark,9,9,9,9,9,0.027677688,0.059626357,0.058758842,0,0,0,551,827,686
dark,park,yark,list,kint,9,9,9,9,9,0.060367884,0.058758842,0.059626357,0,0,0,887,686,827
swam,seam,swar,role,roke,12,12,12,12,12,0.032260039,0.02214683,0.048010295,0,0,0,179,798,1470
rope,role,roke,seam,swar,12,12,12,12,12,0.049730926,0.048010295,0.02214683,0,0,0,554,1470,798
sock,dock,fock,like,pive,11,11,11,11,11,0.042490236,0.043127374,0.090144166,0,0,0,565,737,1512
live,like,pive,dock,fock,11,11,11,11,11,0.070983244,0.090144166,0.043127374,0,0,0,1134,1512,737
book,look,wook,dent,kent,11,11,11,11,11,0.065774554,0.084519717,0.035217149,0,0,0,566,1304,743
cent,dent,kent,look,wook,11,11,11,11,11,0.042904195,0.035217149,0.084519717,0,0,0,915,743,1304
wick,kick,aick,gape,tase,9,9,9,9,9,0.032569608,0.058899228,0.005419269,1,0,0,369,869,438
tape,gape,tase,kick,aick,9,9,9,9,9,0.058397077,0.005419269,0.058899228,0,0,0,568,438,869
slat,slam,shat,tone,rone,14,14,14,14,14,0.007163298,0.039088569,0.047407354,1,0,0,97,981,133
bone,tone,rone,slam,shat,14,14,14,14,14,0.050807221,0.047407354,0.039088569,0,0,0,574,133,981
weed,heed,ween,pant,parn,10,10,10,10,10,0.044597829,0.030012059,0.025161534,0,0,1,576,1509,1
part,pant,parn,heed,ween,10,10,10,10,10,0.068827055,0.025161534,0.030012059,0,1,0,1211,1,1509
sled,sped,soed,wish,disp,6,6,6,6,6,0.033748493,0.021912853,0.067995536,0,0,0,529,112,1533
dish,wish,disp,sped,soed,6,6,6,6,6,0.04438725,0.067995536,0.021912853,0,0,0,577,1533,112
pony,tony,sony,trim,brom,5,5,5,5,5,0.041683915,0.058379079,0.036705603,0,0,0,580,505,1003
brim,trim,brom,tony,sony,5,5,5,5,5,0.024509998,0.036705603,0.058379079,0,0,0,901,1003,505
bead,lead,tead,lice,rire,12,12,12,12,12,0.026320621,0.059881932,0.03132413,0,0,1,584,944,298
rice,lice,rire,lead,tead,12,12,12,12,12,0.04653444,0.03132413,0.059881932,0,1,0,609,298,944
flea,flex,fleq,wild,welf,5,5,5,5,5,0.034725797,0.025316319,0.056964417,0,0,0,591,1025,1426
weld,wild,welf,flex,fleq,5,5,5,5,5,0.021912853,0.056964417,0.025316319,0,0,0,921,1426,1025
beer,peer,reer,mike,fike,11,11,11,11,11,0.059117007,0.028735984,0.062192905,0,0,0,594,1050,732
like,mike,fike,peer,reer,11,11,11,11,11,0.090144166,0.062192905,0.028735984,0,0,0,1512,732,1050
mead,meal,nead,pace,hace,10,10,10,10,10,0.025762675,0.051604543,0.042985187,1,0,0,304,747,1261
face,pace,hace,meal,nead,10,10,10,10,10,0.069611778,0.042985187,0.051604543,0,0,0,600,1261,747
lark,mark,gark,shit,shim,8,8,8,8,8,0.029216537,0.059764943,0.073486798,1,0,0,232,906,867
ship,shit,shim,mark,gark,8,8,8,8,8,0.0612264,0.073486798,0.059764943,0,0,0,601,867,906
heel,feel,leel,ramp,dimp,7,7,7,7,7,0.040972985,0.075664585,0.033644103,0,0,0,613,1452,717
damp,ramp,dimp,feel,leel,7,7,7,7,7,0.033748493,0.033644103,0.075664585,0,0,0,1058,717,1452
wood,woof,nood,mule,buse,7,7,7,7,7,0.051082594,0.033320135,0.040569824,0,1,0,626,352,525
muse,mule,buse,woof,nood,7,7,7,7,7,0.030499811,0.040569824,0.033320135,0,0,1,1416,525,352
jail,nail,jall,coop,boop,10,10,10,10,10,0.058596858,0.048192077,0.043600727,0,0,0,635,555,813
poop,coop,boop,nail,jall,10,10,10,10,10,0.038793398,0.043600727,0.048192077,0,0,0,638,813,555
loop,loom,woop,talk,tand,8,8,8,8,8,0.040281852,0.018743363,0.078085348,1,0,0,346,799,953
tank,talk,tand,loom,woop,8,8,8,8,8,0.050670434,0.078085348,0.018743363,0,0,0,654,953,799
cola,coma,fola,avid,acis,3,3,3,3,3,0.038710606,0.044928997,0.020050035,0,0,0,667,72,1541
acid,avid,acis,coma,fola,3,3,3,3,3,0.043298357,0.020050035,0.044928997,0,0,0,896,1541,72
pear,wear,zear,case,sape,13,13,13,13,13,0.027677688,0.062011123,0.069428196,0,0,0,561,1124,996
cape,case,sape,wear,zear,13,13,13,13,13,0.041815302,0.069428196,0.062011123,0,0,0,676,996,1124
road,roar,woad,stow,ctop,5,5,5,5,5,0.062194705,0.03622865,0.027211533,0,0,0,681,1056,80
stop,stow,ctop,roar,woad,5,5,5,5,5,0.076604093,0.027211533,0.03622865,0,0,0,1094,80,1056
piss,pass,tiss,long,gony,6,6,6,6,6,0.050027897,0.061922932,0.076240528,0,0,0,690,1352,1242
gong,long,gony,pass,tiss,6,6,6,6,6,0.032323032,0.076240528,0.061922932,0,0,0,712,1242,1352
fond,food,mond,spar,stan,9,9,9,9,9,0.044964993,0.064710858,0.022807365,0,0,0,506,653,1156
star,spar,stan,food,mond,9,9,9,9,9,0.059700149,0.022807365,0.064710858,0,0,0,713,1156,653
flag,flog,flai,balm,tald,6,6,6,6,6,0.047693526,0.016254207,0.0214251,0,0,0,666,970,218
bald,balm,tald,flog,flai,6,6,6,6,6,0.043112975,0.0214251,0.016254207,0,0,0,716,218,970
stag,stay,stug,damp,rarp,7,7,7,7,7,0.029027555,0.074132935,0.033748493,1,0,0,442,1476,1058
ramp,damp,rarp,stay,stug,7,7,7,7,7,0.033644103,0.033748493,0.074132935,0,0,0,717,1058,1476
font,wont,fonm,axed,axee,4,4,4,4,4,0.02500315,0.029027555,0.016254207,1,0,0,161,1562,143
axes,axed,axee,wont,fonm,4,4,4,4,4,0.022593186,0.016254207,0.029027555,0,0,0,725,143,1562
lock,luck,tock,fate,dale,12,12,12,12,12,0.056861828,0.064674862,0.051071795,0,0,0,733,1576,1567
date,fate,dale,luck,tock,12,12,12,12,12,0.064028725,0.051071795,0.064674862,0,0,0,1011,1567,1576
lens,less,lets,prey,crey,3,3,3,3,3,0.037389536,0.062137111,0.038681809,0,0,0,739,1341,50
grey,prey,crey,less,lets,3,3,3,3,3,0.042675618,0.038681809,0.062137111,0,0,0,939,50,1341
seal,teal,yeal,lace,eate,11,11,11,11,11,0.046359857,0.020345206,0.035596912,0,0,0,741,961,628
late,lace,eate,teal,yeal,11,11,11,11,11,0.069068231,0.035596912,0.020345206,0,0,0,1382,628,961
stem,step,stet,toss,woss,4,4,4,4,4,0.031671496,0.06265186,0.04500279,0,0,1,745,779,217
boss,toss,woss,step,stet,4,4,4,4,4,0.063013625,0.04500279,0.06265186,0,1,0,1045,217,779
link,kink,lank,mead,ceal,10,10,10,10,10,0.044713018,0.022373607,0.025762675,0,0,1,404,1136,304
meal,mead,ceal,kink,lank,10,10,10,10,10,0.051604543,0.025762675,0.022373607,0,1,0,747,304,1136
head,heat,hean,cash,oash,11,11,11,11,11,0.071571786,0.054169291,0.058793038,0,0,0,680,1061,801
rash,cash,oash,heat,hean,11,11,11,11,11,0.041626321,0.058793038,0.054169291,0,0,0,748,801,1061
pier,tier,pger,dewy,defp,2,2,2,2,2,0.040028077,0.025906661,0.014630766,0,0,0,749,58,919
defy,dewy,defp,tier,pger,2,2,2,2,2,0.034203848,0.014630766,0.025906661,0,0,0,1522,919,58
jowl,howl,joal,cute,vube,4,4,4,4,4,0.007163298,0.031034359,0.060292291,1,0,0,424,1049,90
cube,cute,vube,howl,joal,4,4,4,4,4,0.033903277,0.060292291,0.031034359,0,0,0,750,90,1049
exit,edit,exet,aids,kuds,2,2,2,2,2,0.046784615,0.028636994,0.025906661,1,0,0,45,1214,1180
kids,aids,kuds,edit,exet,2,2,2,2,2,0.069928547,0.025906661,0.028636994,0,0,0,752,1180,1214
gown,down,eown,them,thea,4,4,4,4,4,0.040028077,0.082428322,0.083812386,0,0,0,754,1150,1279
they,them,thea,down,eown,4,4,4,4,4,0.090345746,0.083812386,0.082428322,0,0,0,1308,1279,1150
peel,reel,jeel,side,aite,8,8,8,8,8,0.038458631,0.03458721,0.066766257,0,0,0,755,932,1096
site,side,aite,reel,jeel,8,8,8,8,8,0.048427854,0.066766257,0.03458721,0,0,0,772,1096,932
lava,java,lavg,icon,irhn,1,1,1,1,1,0.035042566,0.028735984,0.029668293,0,0,0,645,1054,1170
iron,icon,irhn,java,lavg,1,1,1,1,1,0.047891507,0.029668293,0.028735984,0,0,0,758,1170,1054
noon,moon,noom,lamp,wump,8,8,8,8,8,0.047967099,0.055891723,0.04530516,0,0,0,478,571,538
lump,lamp,wump,moon,noom,8,8,8,8,8,0.035260344,0.04530516,0.055891723,0,0,0,774,538,571
song,sung,rong,east,oast,8,8,8,8,8,0.060803441,0.035130757,0.055826929,0,0,0,811,1269,83
vast,east,oast,sung,rong,8,8,8,8,8,0.039473732,0.055826929,0.035130757,0,0,0,1484,83,1269
musk,dusk,mulk,blow,plob,8,8,8,8,8,0.020629578,0.026842569,0.06112201,0,1,0,446,475,1080
plow,blow,plob,dusk,mulk,8,8,8,8,8,0.030341427,0.06112201,0.026842569,0,0,1,816,1080,475
veil,vein,veul,tied,likd,2,2,2,2,2,0.033851083,0.035344936,0.051008801,0,0,1,822,742,501
lied,tied,likd,vein,veul,2,2,2,2,2,0.054864023,0.051008801,0.035344936,0,1,0,1391,501,742
hose,nose,hooe,yell,uell,10,10,10,10,10,0.041646119,0.058497867,0.048093087,1,0,0,75,585,1030
cell,yell,uell,nose,hooe,10,10,10,10,10,0.056548658,0.048093087,0.058497867,0,0,0,825,1030,585
polo,solo,yolo,muff,hunf,4,4,4,4,4,0.035130757,0.042106874,0.025161534,0,0,0,833,1338,935
huff,muff,hunf,solo,yolo,4,4,4,4,4,0.027564299,0.025161534,0.042106874,0,0,0,1207,935,1338
gold,sold,goad,lint,pist,9,9,9,9,9,0.059466172,0.056212091,0.027677688,0,0,0,648,1306,551
pint,lint,pist,sold,goad,9,9,9,9,9,0.034634006,0.027677688,0.056212091,0,0,0,834,551,1306
coat,cost,coap,hang,kang,9,9,9,9,9,0.054549054,0.05663145,0.064363492,0,0,0,535,1411,1092
tang,hang,kang,cost,coap,9,9,9,9,9,0.031671496,0.064363492,0.05663145,0,0,0,836,1092,1411
cuss,fuss,cuts,tomb,wimb,3,3,3,3,3,0.025906661,0.040699411,0.038847393,0,0,0,409,363,691
womb,tomb,wimb,fuss,cuts,3,3,3,3,3,0.035085762,0.038847393,0.040699411,0,0,0,852,691,363
tour,your,toud,brew,krew,5,5,5,5,5,0.052113893,0.0938752,0.032569608,0,0,0,15,1437,960
crew,brew,krew,your,toud,5,5,5,5,5,0.055501161,0.032569608,0.0938752,0,0,0,854,960,1437
main,rain,yain,bump,iump,7,7,7,7,7,0.054669642,0.055724339,0.044977592,0,0,0,328,534,947
hump,bump,iump,rain,yain,7,7,7,7,7,0.036952179,0.044977592,0.055724339,0,0,0,856,947,534
prim,prom,prid,burr,buri,4,4,4,4,4,0.017998236,0.047814114,0.022593186,0,0,1,227,1087,241
burp,burr,buri,prom,prid,4,4,4,4,4,0.02744911,0.022593186,0.047814114,0,1,0,865,241,1087
rile,ride,rike,fail,cail,13,13,13,13,13,0.017175717,0.063681359,0.050351866,0,0,0,321,1077,1291
hail,fail,cail,ride,rike,13,13,13,13,13,0.044765213,0.050351866,0.063681359,0,0,0,872,1291,1077
fawn,lawn,fawt,tray,lrap,4,4,4,4,4,0.022807365,0.044977592,0.041626321,1,0,1,78,557,443
trap,tray,lrap,lawn,fawt,4,4,4,4,4,0.050112489,0.041626321,0.044977592,0,1,0,880,443,557
posy,posh,poly,grid,grig,6,6,6,6,6,0.012580767,0.027330322,0.038710606,1,0,1,394,144,378
grip,grid,grig,posh,poly,6,6,6,6,6,0.043080578,0.038710606,0.027330322,0,1,0,882,378,144
crux,crud,crnx,edgy,ezge,1,1,1,1,1,0.016254207,0.02561689,0.031806483,0,0,0,490,1171,1520
edge,edgy,ezge,crud,crnx,1,1,1,1,1,0.0500027,0.031806483,0.02561689,0,0,0,898,1520,1171
vest,rest,eest,wind,fink,11,11,11,11,11,0.038764601,0.067221612,0.057239791,0,0,0,785,1283,999
wink,wind,fink,rest,eest,11,11,11,11,11,0.035217149,0.057239791,0.067221612,0,0,0,900,999,1283
drop,drip,dtop,nosy,qosy,3,3,3,3,3,0.063400587,0.038107665,0.033483919,0,0,0,905,931,1489
rosy,nosy,qosy,drip,dtop,3,3,3,3,3,0.034725797,0.033483919,0.038107665,0,0,0,1184,1489,931
reel,peel,veel,jack,uock,8,8,8,8,8,0.03458721,0.038458631,0.068524685,0,0,0,932,755,877
jock,jack,uock,peel,veel,8,8,8,8,8,0.042474038,0.068524685,0.038458631,0,0,0,1108,877,755
gulf,gulp,guli,twin,twiz,3,3,3,3,3,0.037486726,0.025316319,0.043658321,0,1,1,951,405,356
twit,twin,twiz,gulp,guli,3,3,3,3,3,0.028010655,0.043658321,0.025316319,0,1,1,1361,356,405
cock,mock,cack,flap,flad,9,9,9,9,9,0.044333255,0.038485628,0.032981768,1,0,1,127,1419,483
flat,flap,flad,mock,cack,9,9,9,9,9,0.050854016,0.032981768,0.038485628,0,1,0,956,483,1419
whip,whim,whil,grew,bree,5,5,5,5,5,0.045470744,0.032004464,0.051716132,0,0,0,723,1549,1152
brew,grew,bree,whim,whil,5,5,5,5,5,0.032569608,0.051716132,0.032004464,0,0,0,960,1152,1549
tilt,kilt,tift,said,lamd,7,7,7,7,7,0.031603103,0.021671676,0.080115549,0,1,0,966,262,1301
laid,said,lamd,kilt,tift,7,7,7,7,7,0.051890715,0.080115549,0.021671676,0,0,1,1125,1301,262
oval,opal,aval,exit,edic,2,2,2,2,2,0.027791076,0.02561689,0.046784615,0,1,1,968,221,45
edit,exit,edic,opal,aval,2,2,2,2,2,0.028636994,0.046784615,0.02561689,0,1,1,1214,45,221
gulp,gulf,gulg,haul,mafl,3,3,3,3,3,0.025316319,0.037486726,0.040634618,1,0,1,405,951,380
maul,haul,mafl,gulf,gulg,3,3,3,3,3,0.016727561,0.040634618,0.037486726,0,1,0,969,380,951
posh,posy,posr,flag,glog,6,6,6,6,6,0.027330322,0.012580767,0.047693526,0,1,0,144,394,666
flog,flag,glog,posy,posr,6,6,6,6,6,0.016254207,0.047693526,0.012580767,0,0,1,970,666,394
pave,have,jave,wink,sind,11,11,11,11,11,0.018379799,0.093524235,0.035217149,0,0,0,975,1473,900
wind,wink,sind,have,jave,11,11,11,11,11,0.057239791,0.035217149,0.093524235,0,0,0,999,900,1473
call,cell,rall,sway,slad,10,10,10,10,10,0.078144742,0.056548658,0.032629002,0,0,0,976,825,1126
slay,sway,slad,cell,rall,10,10,10,10,10,0.03132413,0.032629002,0.056548658,0,0,0,1266,1126,825
pull,mull,jull,fart,sast,10,10,10,10,10,0.064295099,0.019742265,0.039887691,0,0,1,988,507,327
fast,fart,sast,mull,jull,10,10,10,10,10,0.063800148,0.039887691,0.019742265,0,1,0,1205,327,507
lice,rice,pice,west,tust,12,12,12,12,12,0.03132413,0.04653444,0.057392776,1,0,0,298,609,166
test,west,tust,rice,pice,12,12,12,12,12,0.059959324,0.057392776,0.04653444,0,0,0,998,166,609
snap,snag,snaw,yawn,zawn,5,5,5,5,5,0.04764853,0.030420619,0.025467504,0,0,1,946,1120,266
pawn,yawn,zawn,snag,snaw,5,5,5,5,5,0.036813592,0.025467504,0.030420619,0,1,0,1016,266,1120
slur,slug,plur,reap,leah,6,6,6,6,6,0.019742265,0.037864689,0.032808985,0,0,0,430,738,102
leap,reap,leah,slug,plur,6,6,6,6,6,0.040168463,0.032808985,0.037864689,0,0,0,1032,102,738
bore,sore,bole,lack,dack,13,13,13,13,13,0.041336549,0.046493044,0.047805115,0,0,0,20,1228,353
pack,lack,dack,sore,bole,13,13,13,13,13,0.054867623,0.047805115,0.046493044,0,0,0,1046,353,1228
tree,thee,trae,jowl,hewl,4,4,4,4,4,0.057947121,0.050794622,0.007163298,0,0,1,515,63,424
howl,jowl,hewl,thee,trae,4,4,4,4,4,0.031034359,0.007163298,0.050794622,0,1,0,1049,424,63
java,lava,javi,bios,bzas,1,1,1,1,1,0.028735984,0.035042566,0.008588758,0,0,0,1054,645,359
bias,bios,bzas,lava,javi,1,1,1,1,1,0.029122946,0.008588758,0.035042566,0,0,0,1551,359,645
wasp,wisp,sasp,road,roax,5,5,5,5,5,0.028224834,0.018743363,0.062194705,1,0,0,322,291,681
roar,road,roax,wisp,sasp,5,5,5,5,5,0.03622865,0.062194705,0.018743363,0,0,0,1056,681,291
tray,fray,hray,duet,dudl,4,4,4,4,4,0.041626321,0.02500315,0.02744911,1,0,1,443,1244,309
duel,duet,dudl,fray,hray,4,4,4,4,4,0.032069257,0.02744911,0.02500315,0,1,0,1064,309,1244
bang,band,bant,rode,sode,10,10,10,10,10,0.048732024,0.056413671,0.043629524,0,0,0,1069,722,1088
code,rode,sode,band,bant,10,10,10,10,10,0.056370476,0.043629524,0.056413671,0,0,0,1290,1088,722
unto,into,unio,clue,nlue,3,3,3,3,3,0.041217761,0.077989957,0.047745721,0,0,0,452,1451,484
blue,clue,nlue,into,unio,3,3,3,3,3,0.061498173,0.047745721,0.077989957,0,0,0,1074,484,1451
king,kind,ving,room,boor,8,8,8,8,8,0.063319595,0.075194831,0.072885657,0,0,0,943,1487,658
boom,room,boor,kind,ving,8,8,8,8,8,0.049414157,0.072885657,0.075194831,0,0,0,1105,658,1487
demo,memo,deqo,user,uzed,1,1,1,1,1,0.034680801,0.04009827,0.028834974,0,0,0,1107,897,1247
used,user,uzed,memo,deqo,1,1,1,1,1,0.070972445,0.028834974,0.04009827,0,0,0,1373,1247,897
self,serf,selv,hypo,txpo,2,2,2,2,2,0.046041288,0.012580767,0.016727561,0,0,0,301,448,1517
typo,hypo,txpo,serf,selv,2,2,2,2,2,0.022373607,0.016727561,0.012580767,0,0,0,1114,1517,448
trim,trip,tris,snap,saag,5,5,5,5,5,0.036705603,0.05980094,0.04764853,0,0,0,1003,1090,946
snag,snap,saag,trip,tris,5,5,5,5,5,0.030420619,0.04764853,0.05980094,0,0,0,1120,946,1090
husk,tusk,huss,sled,soid,6,6,6,6,6,0.018743363,0.015210309,0.033748493,0,0,0,619,679,529
slid,sled,soid,tusk,huss,6,6,6,6,6,0.030177643,0.033748493,0.015210309,0,0,0,1121,529,679
wear,pear,cear,take,tate,13,13,13,13,13,0.062011123,0.027677688,0.084291139,0,0,0,1124,561,1277
tale,take,tate,pear,cear,13,13,13,13,13,0.044752614,0.084291139,0.027677688,0,0,0,1229,1277,561
port,fort,porm,link,zink,10,10,10,10,10,0.046244668,0.046714422,0.044713018,1,0,0,331,698,404
kink,link,zink,fort,porm,10,10,10,10,10,0.022373607,0.044713018,0.046714422,0,0,0,1136,404,698
warm,worm,barm,stat,scag,9,9,9,9,9,0.05622469,0.043420745,0.033429924,0,0,0,1140,578,249
scat,stat,scag,worm,barm,9,9,9,9,9,0.027330322,0.033429924,0.043420745,0,0,0,1203,249,578
beak,beam,beah,told,tolt,9,9,9,9,9,0.031180144,0.042265258,0.076517701,0,1,0,550,188,1450
toll,told,tolt,beam,beah,9,9,9,9,9,0.034817588,0.076517701,0.042265258,0,0,1,1146,1450,188
brow,grow,irow,gown,aown,4,4,4,4,4,0.030177643,0.057255989,0.040028077,0,0,0,841,1284,754
down,gown,aown,grow,irow,4,4,4,4,4,0.082428322,0.040028077,0.057255989,0,0,0,1150,754,1284
spar,soar,spag,deep,teep,9,9,9,9,9,0.022807365,0.028735984,0.059208798,0,0,0,1156,1103,1190
keep,deep,teep,soar,spag,9,9,9,9,9,0.076555498,0.059208798,0.028735984,0,0,0,1439,1190,1103
puff,cuff,pulf,font,wony,4,4,4,4,4,0.037020572,0.038955382,0.02500315,0,1,1,1164,68,161
wont,font,wony,cuff,pulf,4,4,4,4,4,0.029027555,0.02500315,0.038955382,0,1,1,1562,161,68
clan,clam,clag,king,oind,8,8,8,8,8,0.036378035,0.036036068,0.063319595,0,0,0,1169,590,943
kind,king,oind,clam,clag,8,8,8,8,8,0.075194831,0.063319595,0.036036068,0,0,0,1487,943,590
ajar,afar,ajjr,iron,tcon,1,1,1,1,1,0.019423696,0.026586994,0.047891507,0,0,0,347,1405,758
icon,iron,tcon,afar,ajjr,1,1,1,1,1,0.029668293,0.047891507,0.026586994,0,0,0,1170,758,1405
bios,bias,jios,crux,yrud,1,1,1,1,1,0.008588758,0.029122946,0.016254207,0,0,0,359,1551,490
crud,crux,yrud,bias,jios,1,1,1,1,1,0.02561689,0.016254207,0.029122946,0,0,0,1171,490,1551
ooze,oozy,oozb,kids,aidk,2,2,2,2,2,0.020629578,0.003169489,0.069928547,0,0,0,984,1241,752
aids,kids,aidk,oozy,oozb,2,2,2,2,2,0.025906661,0.069928547,0.003169489,0,0,0,1180,752,1241
bind,bond,bing,fast,hast,10,10,10,10,10,0.034817588,0.052230881,0.063800148,0,0,0,1186,244,1205
last,fast,hast,bond,bing,10,10,10,10,10,0.076776876,0.063800148,0.052230881,0,0,0,1280,1205,244
sing,ping,sint,rush,oush,10,10,10,10,10,0.06112381,0.034680801,0.052265078,0,0,0,861,1245,1314
gush,rush,oush,ping,sint,10,10,10,10,10,0.022807365,0.052265078,0.034680801,0,0,0,1193,1314,1245
days,ways,deys,edge,edry,1,1,1,1,1,0.070047335,0.056147298,0.0500027,0,0,0,1197,1497,898
edgy,edge,edry,ways,deys,1,1,1,1,1,0.031806483,0.0500027,0.056147298,0,0,0,1520,898,1497
bank,bunk,hank,fear,eear,12,12,12,12,12,0.060042116,0.03969511,0.058422275,0,1,0,668,477,1389
year,fear,eear,bunk,hank,12,12,12,12,12,0.069302208,0.058422275,0.03969511,0,0,1,1221,1389,477
coin,chin,roin,ploy,plat,5,5,5,5,5,0.043127374,0.045186372,0.028735984,0,1,0,587,325,1467
play,ploy,plat,chin,roin,5,5,5,5,5,0.071204622,0.028735984,0.045186372,0,0,1,1223,1467,325
open,oxen,wpen,flux,flib,3,3,3,3,3,0.070414499,0.019090729,0.025762675,0,1,0,1234,457,1400
flub,flux,flib,oxen,wpen,3,3,3,3,3,0.005419269,0.025762675,0.019090729,0,0,1,1402,1400,457
cunt,runt,funt,hire,hise,9,9,9,9,9,0.040393441,0.032386026,0.050645237,1,0,0,96,1178,207
hide,hire,hise,runt,funt,9,9,9,9,9,0.058490668,0.050645237,0.032386026,0,0,0,1235,207,1178
deep,keep,meep,funk,euck,9,9,9,9,9,0.059208798,0.076555498,0.034349634,0,0,0,1190,1439,170
fuck,funk,euck,keep,meep,9,9,9,9,9,0.071717572,0.034349634,0.076555498,0,0,0,1240,170,1439
serf,self,seof,ooze,oozv,2,2,2,2,2,0.012580767,0.046041288,0.020629578,0,0,0,448,301,984
oozy,ooze,oozv,self,seof,2,2,2,2,2,0.003169489,0.020629578,0.046041288,0,0,0,1241,984,301
long,gong,nong,dish,pish,6,6,6,6,6,0.076240528,0.032323032,0.04438725,0,0,0,1242,712,577
wish,dish,pish,gong,nong,6,6,6,6,6,0.067995536,0.04438725,0.032323032,0,0,0,1533,577,712
anti,ante,ajti,used,uswr,1,1,1,1,1,0.020345206,0.031464516,0.070972445,0,0,0,160,1297,1373
user,used,uswr,ante,ajti,1,1,1,1,1,0.028834974,0.070972445,0.031464516,0,0,0,1247,1373,1297
limo,lima,lamo,shun,stuy,4,4,4,4,4,0.042034881,0.026842569,0.020345206,0,0,0,710,1028,1388
stun,shun,stuy,lima,lamo,4,4,4,4,4,0.030341427,0.020345206,0.026842569,0,0,0,1254,1388,1028
herd,here,herk,song,fung,8,8,8,8,8,0.04061302,0.091110671,0.060803441,0,0,0,940,1257,811
sung,song,fung,here,herk,8,8,8,8,8,0.035130757,0.060803441,0.091110671,0,0,0,1269,811,1257
clip,flip,wlip,herb,heri,5,5,5,5,5,0.038928385,0.046106082,0.037895286,0,1,1,851,55,22
hero,herb,heri,flip,wlip,5,5,5,5,5,0.055871925,0.037895286,0.046106082,0,1,1,1271,22,55
loom,loop,moom,rank,ract,8,8,8,8,8,0.018743363,0.040281852,0.042052879,0,1,0,799,346,100
rant,rank,ract,loop,moom,8,8,8,8,8,0.022373607,0.042052879,0.040281852,0,0,1,1275,100,346
city,pity,cipy,eyes,xxes,2,2,2,2,2,0.065419989,0.0500027,0.067531182,0,0,0,660,1519,622
exes,eyes,xxes,pity,cipy,2,2,2,2,2,0.015750256,0.067531182,0.0500027,0,0,0,1276,622,1519
grow,brow,ghow,snug,saug,4,4,4,4,4,0.057255989,0.030177643,0.028224834,0,0,0,1284,841,1399
smug,snug,saug,brow,ghow,4,4,4,4,4,0.032197045,0.028224834,0.030177643,0,0,0,1526,1399,841
rent,lent,rint,hail,lail,13,13,13,13,13,0.053010205,0.035636508,0.044765213,0,0,0,1163,319,872
fail,hail,lail,lent,rint,13,13,13,13,13,0.050351866,0.044765213,0.035636508,0,0,0,1291,872,319
food,hood,foop,dark,darp,9,9,9,9,9,0.064710858,0.046694624,0.060367884,0,0,0,653,598,887
darn,dark,darp,hood,foop,9,9,9,9,9,0.045900902,0.060367884,0.046694624,0,0,0,1294,887,598
jack,jock,oack,swan,shan,8,8,8,8,8,0.068524685,0.042474038,0.040348446,0,0,0,877,1108,546
span,swan,shan,jock,oack,8,8,8,8,8,0.030733788,0.040348446,0.042474038,0,0,0,1298,546,1108
clay,claw,clah,laid,gaid,7,7,7,7,7,0.044752614,0.036881986,0.051890715,1,0,0,360,639,1125
said,laid,gaid,claw,clah,7,7,7,7,7,0.080115549,0.051890715,0.036881986,0,0,0,1301,1125,639
feed,peed,keed,cook,gook,11,11,11,11,11,0.054608448,0.032924173,0.055171793,0,0,0,923,374,871
look,cook,gook,peed,keed,11,11,11,11,11,0.084519717,0.055171793,0.032924173,0,0,0,1304,871,374
herb,hero,herx,yoke,jote,5,5,5,5,5,0.037895286,0.055871925,0.019090729,1,0,0,22,1271,641
joke,yoke,jote,hero,herx,5,5,5,5,5,0.058856032,0.019090729,0.055871925,0,0,0,1313,641,1271
claw,clay,claf,tilt,wift,7,7,7,7,7,0.036881986,0.044752614,0.031603103,0,1,0,639,360,966
wilt,tilt,wift,clay,claf,7,7,7,7,7,0.030094851,0.031603103,0.044752614,0,0,1,1316,966,360
oxen,open,txen,lens,leps,3,3,3,3,3,0.019090729,0.070414499,0.037389536,1,0,0,457,1234,739
less,lens,leps,open,txen,3,3,3,3,3,0.062137111,0.037389536,0.070414499,0,0,0,1341,739,1234
lair,fair,uair,stun,swun,4,4,4,4,4,0.032260039,0.060891633,0.030341427,0,0,0,1075,1430,1254
shun,stun,swun,fair,uair,4,4,4,4,4,0.020345206,0.030341427,0.060891633,0,0,0,1388,1254,1430
hurt,hurl,hurh,flub,flun,3,3,3,3,3,0.068360901,0.027791076,0.005419269,0,1,0,1123,314,1402
flux,flub,flun,hurl,hurh,3,3,3,3,3,0.025762675,0.005419269,0.027791076,0,0,1,1400,1402,314
arts,arms,arys,ever,mver,2,2,2,2,2,0.042691816,0.057295585,0.076625691,0,0,0,1078,533,1570
over,ever,mver,arms,arys,2,2,2,2,2,0.081499613,0.076625691,0.057295585,0,0,0,1414,1570,533
wisp,wasp,wisd,glum,rlam,5,5,5,5,5,0.018743363,0.028224834,0.02561689,0,1,0,291,322,1483
glam,glum,rlam,wasp,wisd,5,5,5,5,5,0.017175717,0.02561689,0.028224834,0,0,1,1420,1483,322
nigh,high,nigk,very,vvry,2,2,2,2,2,0.02398265,0.06653228,0.080999262,0,0,0,1422,390,1573
vary,very,vvry,high,nigk,2,2,2,2,2,0.024841166,0.080999262,0.06653228,0,0,0,1510,1573,390
chin,coin,rhin,weld,wied,5,5,5,5,5,0.045186372,0.043127374,0.021912853,1,0,0,325,587,921
wild,weld,wied,coin,rhin,5,5,5,5,5,0.056964417,0.021912853,0.043127374,0,0,0,1426,921,587
pass,piss,gass,four,foxl,6,6,6,6,6,0.061922932,0.050027897,0.068654272,0,0,0,1352,690,1195
foul,four,foxl,piss,gass,6,6,6,6,6,0.046212271,0.068654272,0.050027897,0,0,0,1429,1195,690
type,tyke,cype,lair,iair,4,4,4,4,4,0.057405374,0.020629578,0.032260039,0,1,0,163,377,1075
fair,lair,iair,tyke,cype,4,4,4,4,4,0.060891633,0.032260039,0.020629578,0,0,1,1430,1075,377
show,shop,srow,heel,flel,7,7,7,7,7,0.073708177,0.05643347,0.040972985,0,0,0,987,875,613
feel,heel,flel,shop,srow,7,7,7,7,7,0.075664585,0.040972985,0.05643347,0,0,0,1452,613,875
grin,grit,grix,plod,ploh,5,5,5,5,5,0.033152751,0.02500315,0.008588758,0,0,0,924,1204,44
ploy,plod,ploh,grit,grix,5,5,5,5,5,0.028735984,0.008588758,0.02500315,0,0,0,1467,44,1204
harp,carp,harf,stag,soay,7,7,7,7,7,0.032924173,0.023417505,0.029027555,1,1,1,280,391,442
stay,stag,soay,carp,harf,7,7,7,7,7,0.074132935,0.029027555,0.023417505,0,1,1,1476,442,391
nick,tick,fick,weed,heer,10,10,10,10,10,0.057326182,0.040827199,0.044597829,0,1,0,1027,141,576
heed,weed,heer,tick,fick,10,10,10,10,10,0.030012059,0.044597829,0.040827199,0,0,1,1509,576,141
acne,acre,jcne,frog,xrom,2,2,2,2,2,0.024677382,0.030094851,0.044635626,1,0,1,408,920,12
from,frog,xrom,acre,jcne,2,2,2,2,2,0.084879682,0.044635626,0.030094851,0,1,0,1524,12,920
hypo,typo,hypd,able,ablv,2,2,2,2,2,0.016727561,0.022373607,0.064982632,0,0,0,1517,1114,150
ably,able,ablv,typo,hypd,2,2,2,2,2,0.012580767,0.064982632,0.022373607,0,0,0,1532,150,1114
tony,pony,tonn,whip,whis,5,5,5,5,5,0.058379079,0.041683915,0.045470744,0,0,0,505,580,723
whim,whip,whis,pony,tonn,5,5,5,5,5,0.032004464,0.045470744,0.041683915,0,0,0,1549,723,580
step,stem,stey,knot,krow,4,4,4,4,4,0.06265186,0.031671496,0.035555516,0,0,0,779,745,604
know,knot,krow,stem,stey,4,4,4,4,4,0.092944691,0.035555516,0.031671496,0,0,0,1550,604,745
aged,awed,agem,vary,vzry,2,2,2,2,2,0.035344936,0.00979284,0.024841166,0,0,0,1253,34,1510
very,vary,vzry,awed,agem,2,2,2,2,2,0.080999262,0.024841166,0.00979284,0,0,0,1573,1510,34
nosy,rosy,nopy,thug,thul,3,3,3,3,3,0.033483919,0.034725797,0.035130757,0,0,0,1489,1184,883
thus,thug,thul,rosy,nopy,3,3,3,3,3,0.044954194,0.035130757,0.034725797,0,0,0,1575,883,1184
